Year,Age,Gender,Educational Attainment,Personal Income,Population Count
1/1/08 0:00,00 to 17,Male,"College, less than 4-yr degree","C: 10,000 to 14,999",1304
1/1/08 0:00,00 to 17,Female,"College, less than 4-yr degree","B: 5,000 to 9,999",1565
1/1/08 0:00,65 to 80+,Male,"College, less than 4-yr degree","A: 0 to 4,999",1923
1/1/08 0:00,65 to 80+,Female,No high school diploma,"H: 75,000 and over",1981
1/1/08 0:00,00 to 17,Female,No high school diploma,"D: 15,000 to 24,999",2009
1/1/08 0:00,00 to 17,Male,No high school diploma,"F: 35,000 to 49,999",2227
1/1/08 0:00,00 to 17,Male,No high school diploma,"E: 25,000 to 34,999",2606
1/1/08 0:00,00 to 17,Male,"College, less than 4-yr degree","D: 15,000 to 24,999",3465
1/1/08 0:00,00 to 17,Male,No high school diploma,"D: 15,000 to 24,999",3974
1/1/08 0:00,18 to 64,Female,No high school diploma,"H: 75,000 and over",4233
1/1/08 0:00,00 to 17,Female,High school or equivalent,"A: 0 to 4,999",4711
1/1/08 0:00,65 to 80+,Male,No high school diploma,"H: 75,000 and over",5801
1/1/08 0:00,00 to 17,Female,No high school diploma,"C: 10,000 to 14,999",6857
1/1/08 0:00,00 to 17,Male,No high school diploma,"C: 10,000 to 14,999",7092
1/1/08 0:00,00 to 17,Female,"College, less than 4-yr degree","A: 0 to 4,999",7598
1/1/08 0:00,00 to 17,Female,High school or equivalent,"B: 5,000 to 9,999",7672
1/1/08 0:00,65 to 80+,Female,No high school diploma,"F: 35,000 to 49,999",8109
1/1/08 0:00,65 to 80+,Male,High school or equivalent,"A: 0 to 4,999",8278
1/1/08 0:00,65 to 80+,Female,No high school diploma,"G: 50,000 to 74,999",8297
1/1/08 0:00,65 to 80+,Male,High school or equivalent,"H: 75,000 and over",8527
1/1/08 0:00,00 to 17,Male,"College, less than 4-yr degree","A: 0 to 4,999",8664
1/1/08 0:00,65 to 80+,Female,High school or equivalent,"H: 75,000 and over",12086
1/1/08 0:00,65 to 80+,Female,Bachelor's degree or higher,"A: 0 to 4,999",12915
1/1/08 0:00,65 to 80+,Female,"College, less than 4-yr degree","A: 0 to 4,999",12954
1/1/08 0:00,65 to 80+,Male,No high school diploma,"G: 50,000 to 74,999",13271
1/1/08 0:00,65 to 80+,Female,No high school diploma,"E: 25,000 to 34,999",14645
1/1/08 0:00,18 to 64,Female,No high school diploma,"G: 50,000 to 74,999",15192
1/1/08 0:00,65 to 80+,Male,No high school diploma,"E: 25,000 to 34,999",16279
1/1/08 0:00,65 to 80+,Male,"College, less than 4-yr degree","B: 5,000 to 9,999",21902
1/1/08 0:00,65 to 80+,Male,No high school diploma,"F: 35,000 to 49,999",21985
1/1/08 0:00,65 to 80+,Male,"College, less than 4-yr degree","G: 50,000 to 74,999",22443
1/1/08 0:00,65 to 80+,Male,Bachelor's degree or higher,"A: 0 to 4,999",25141
1/1/08 0:00,65 to 80+,Male,Bachelor's degree or higher,"B: 5,000 to 9,999",27004
1/1/08 0:00,65 to 80+,Female,"College, less than 4-yr degree","G: 50,000 to 74,999",27158
1/1/08 0:00,65 to 80+,Male,High school or equivalent,"G: 50,000 to 74,999",27164
1/1/08 0:00,65 to 80+,Female,High school or equivalent,"G: 50,000 to 74,999",29183
1/1/08 0:00,00 to 17,Male,No high school diploma,"B: 5,000 to 9,999",30152
1/1/08 0:00,00 to 17,Female,No high school diploma,"B: 5,000 to 9,999",33202
1/1/08 0:00,65 to 80+,Male,No high school diploma,"A: 0 to 4,999",33353
1/1/08 0:00,65 to 80+,Female,High school or equivalent,"F: 35,000 to 49,999",34003
1/1/08 0:00,65 to 80+,Female,High school or equivalent,"A: 0 to 4,999",34242
1/1/08 0:00,65 to 80+,Male,"College, less than 4-yr degree","H: 75,000 and over",34723
1/1/08 0:00,65 to 80+,Female,"College, less than 4-yr degree","H: 75,000 and over",35445
1/1/08 0:00,65 to 80+,Male,High school or equivalent,"E: 25,000 to 34,999",37651
1/1/08 0:00,65 to 80+,Female,No high school diploma,"D: 15,000 to 24,999",42275
1/1/08 0:00,65 to 80+,Female,Bachelor's degree or higher,"D: 15,000 to 24,999",42390
1/1/08 0:00,65 to 80+,Female,Bachelor's degree or higher,"E: 25,000 to 34,999",42705
1/1/08 0:00,65 to 80+,Male,Bachelor's degree or higher,"C: 10,000 to 14,999",43599
1/1/08 0:00,18 to 64,Male,No high school diploma,"H: 75,000 and over",44291
1/1/08 0:00,65 to 80+,Male,"College, less than 4-yr degree","F: 35,000 to 49,999",46427
1/1/08 0:00,65 to 80+,Male,High school or equivalent,"B: 5,000 to 9,999",46783
1/1/08 0:00,65 to 80+,Female,"College, less than 4-yr degree","F: 35,000 to 49,999",48577
1/1/08 0:00,65 to 80+,Male,High school or equivalent,"F: 35,000 to 49,999",48804
1/1/08 0:00,65 to 80+,Female,Bachelor's degree or higher,"B: 5,000 to 9,999",50596
1/1/08 0:00,18 to 64,Female,No high school diploma,"F: 35,000 to 49,999",51599
1/1/08 0:00,65 to 80+,Male,Bachelor's degree or higher,"E: 25,000 to 34,999",51983
1/1/08 0:00,18 to 64,Male,Bachelor's degree or higher,"B: 5,000 to 9,999",52069
1/1/08 0:00,65 to 80+,Female,Bachelor's degree or higher,"C: 10,000 to 14,999",54641
1/1/08 0:00,18 to 64,Female,High school or equivalent,"H: 75,000 and over",59350
1/1/08 0:00,65 to 80+,Female,Bachelor's degree or higher,"H: 75,000 and over",60942
1/1/08 0:00,65 to 80+,Male,"College, less than 4-yr degree","E: 25,000 to 34,999",62955
1/1/08 0:00,65 to 80+,Female,Bachelor's degree or higher,"G: 50,000 to 74,999",64954
1/1/08 0:00,65 to 80+,Male,"College, less than 4-yr degree","C: 10,000 to 14,999",66280
1/1/08 0:00,65 to 80+,Male,No high school diploma,"D: 15,000 to 24,999",69185
1/1/08 0:00,65 to 80+,Female,No high school diploma,"A: 0 to 4,999",69280
1/1/08 0:00,65 to 80+,Male,Bachelor's degree or higher,"D: 15,000 to 24,999",70274
1/1/08 0:00,65 to 80+,Male,No high school diploma,"B: 5,000 to 9,999",71652
1/1/08 0:00,65 to 80+,Female,"College, less than 4-yr degree","E: 25,000 to 34,999",73070
1/1/08 0:00,65 to 80+,Male,Bachelor's degree or higher,"F: 35,000 to 49,999",73084
1/1/08 0:00,65 to 80+,Male,High school or equivalent,"C: 10,000 to 14,999",75602
1/1/08 0:00,65 to 80+,Female,Bachelor's degree or higher,"F: 35,000 to 49,999",75697
1/1/08 0:00,65 to 80+,Female,High school or equivalent,"E: 25,000 to 34,999",78590
1/1/08 0:00,65 to 80+,Male,Bachelor's degree or higher,"G: 50,000 to 74,999",82823
1/1/08 0:00,18 to 64,Male,Bachelor's degree or higher,"C: 10,000 to 14,999",88070
1/1/08 0:00,65 to 80+,Female,"College, less than 4-yr degree","B: 5,000 to 9,999",93823
1/1/08 0:00,18 to 64,Female,No high school diploma,"E: 25,000 to 34,999",93849
1/1/08 0:00,18 to 64,Male,Bachelor's degree or higher,"A: 0 to 4,999",94464
1/1/08 0:00,65 to 80+,Male,"College, less than 4-yr degree","D: 15,000 to 24,999",108057
1/1/08 0:00,65 to 80+,Male,High school or equivalent,"D: 15,000 to 24,999",108184
1/1/08 0:00,18 to 64,Male,No high school diploma,"G: 50,000 to 74,999",109200
1/1/08 0:00,65 to 80+,Female,"College, less than 4-yr degree","C: 10,000 to 14,999",120242
1/1/08 0:00,65 to 80+,Male,No high school diploma,"C: 10,000 to 14,999",124247
1/1/08 0:00,18 to 64,Female,High school or equivalent,"G: 50,000 to 74,999",131571
1/1/08 0:00,18 to 64,Female,Bachelor's degree or higher,"B: 5,000 to 9,999",131590
1/1/08 0:00,18 to 64,Female,Bachelor's degree or higher,"C: 10,000 to 14,999",148626
1/1/08 0:00,65 to 80+,Female,"College, less than 4-yr degree","D: 15,000 to 24,999",149462
1/1/08 0:00,65 to 80+,Female,High school or equivalent,"C: 10,000 to 14,999",156811
1/1/08 0:00,65 to 80+,Male,Bachelor's degree or higher,"H: 75,000 and over",161013
1/1/08 0:00,18 to 64,Male,No high school diploma,"B: 5,000 to 9,999",163263
1/1/08 0:00,65 to 80+,Female,High school or equivalent,"D: 15,000 to 24,999",164592
1/1/08 0:00,18 to 64,Male,High school or equivalent,"H: 75,000 and over",175104
1/1/08 0:00,65 to 80+,Female,No high school diploma,"B: 5,000 to 9,999",178234
1/1/08 0:00,18 to 64,Female,"College, less than 4-yr degree","H: 75,000 and over",179877
1/1/08 0:00,65 to 80+,Female,No high school diploma,"C: 10,000 to 14,999",182135
1/1/08 0:00,18 to 64,Male,High school or equivalent,"B: 5,000 to 9,999",187833
1/1/08 0:00,65 to 80+,Female,High school or equivalent,"B: 5,000 to 9,999",188067
1/1/08 0:00,18 to 64,Male,Bachelor's degree or higher,"D: 15,000 to 24,999",201443
1/1/08 0:00,18 to 64,Male,"College, less than 4-yr degree","B: 5,000 to 9,999",211318
1/1/08 0:00,18 to 64,Male,No high school diploma,"F: 35,000 to 49,999",222761
1/1/08 0:00,18 to 64,Male,"College, less than 4-yr degree","C: 10,000 to 14,999",224732
1/1/08 0:00,18 to 64,Female,Bachelor's degree or higher,"A: 0 to 4,999",224757
1/1/08 0:00,18 to 64,Female,No high school diploma,"C: 10,000 to 14,999",229721
1/1/08 0:00,18 to 64,Male,High school or equivalent,"C: 10,000 to 14,999",229724
1/1/08 0:00,18 to 64,Male,Bachelor's degree or higher,"E: 25,000 to 34,999",236263
1/1/08 0:00,18 to 64,Male,"College, less than 4-yr degree","A: 0 to 4,999",237810
1/1/08 0:00,18 to 64,Female,High school or equivalent,"B: 5,000 to 9,999",241389
1/1/08 0:00,18 to 64,Female,High school or equivalent,"C: 10,000 to 14,999",241913
1/1/08 0:00,18 to 64,Female,High school or equivalent,"F: 35,000 to 49,999",249327
1/1/08 0:00,18 to 64,Female,No high school diploma,"B: 5,000 to 9,999",252509
1/1/08 0:00,18 to 64,Male,No high school diploma,"A: 0 to 4,999",261172
1/1/08 0:00,18 to 64,Female,High school or equivalent,"E: 25,000 to 34,999",293265
1/1/08 0:00,18 to 64,Male,High school or equivalent,"A: 0 to 4,999",296555
1/1/08 0:00,18 to 64,Female,No high school diploma,"D: 15,000 to 24,999",317043
1/1/08 0:00,18 to 64,Male,No high school diploma,"C: 10,000 to 14,999",317119
1/1/08 0:00,18 to 64,Female,Bachelor's degree or higher,"E: 25,000 to 34,999",320338
1/1/08 0:00,18 to 64,Female,"College, less than 4-yr degree","B: 5,000 to 9,999",327251
1/1/08 0:00,18 to 64,Male,No high school diploma,"E: 25,000 to 34,999",333713
1/1/08 0:00,18 to 64,Female,"College, less than 4-yr degree","C: 10,000 to 14,999",334679
1/1/08 0:00,18 to 64,Female,"College, less than 4-yr degree","G: 50,000 to 74,999",345723
1/1/08 0:00,18 to 64,Female,Bachelor's degree or higher,"D: 15,000 to 24,999",345795
1/1/08 0:00,18 to 64,Male,Bachelor's degree or higher,"F: 35,000 to 49,999",387555
1/1/08 0:00,18 to 64,Male,"College, less than 4-yr degree","D: 15,000 to 24,999",416638
1/1/08 0:00,18 to 64,Male,"College, less than 4-yr degree","E: 25,000 to 34,999",418686
1/1/08 0:00,18 to 64,Female,High school or equivalent,"D: 15,000 to 24,999",420710
1/1/08 0:00,18 to 64,Male,High school or equivalent,"G: 50,000 to 74,999",424046
1/1/08 0:00,18 to 64,Male,High school or equivalent,"E: 25,000 to 34,999",433340
1/1/08 0:00,18 to 64,Female,"College, less than 4-yr degree","A: 0 to 4,999",451575
1/1/08 0:00,18 to 64,Male,High school or equivalent,"F: 35,000 to 49,999",472466
1/1/08 0:00,18 to 64,Male,"College, less than 4-yr degree","H: 75,000 and over",478470
1/1/08 0:00,18 to 64,Female,"College, less than 4-yr degree","E: 25,000 to 34,999",496456
1/1/08 0:00,18 to 64,Female,"College, less than 4-yr degree","D: 15,000 to 24,999",497615
1/1/08 0:00,18 to 64,Male,High school or equivalent,"D: 15,000 to 24,999",501296
1/1/08 0:00,18 to 64,Female,Bachelor's degree or higher,"F: 35,000 to 49,999",503031
1/1/08 0:00,18 to 64,Female,High school or equivalent,"A: 0 to 4,999",528876
1/1/08 0:00,18 to 64,Female,"College, less than 4-yr degree","F: 35,000 to 49,999",536363
1/1/08 0:00,18 to 64,Male,"College, less than 4-yr degree","F: 35,000 to 49,999",539958
1/1/08 0:00,18 to 64,Male,No high school diploma,"D: 15,000 to 24,999",573769
1/1/08 0:00,18 to 64,Male,"College, less than 4-yr degree","G: 50,000 to 74,999",591795
1/1/08 0:00,00 to 17,Female,No high school diploma,"A: 0 to 4,999",635274
1/1/08 0:00,00 to 17,Male,No high school diploma,"A: 0 to 4,999",650889
1/1/08 0:00,18 to 64,Male,Bachelor's degree or higher,"G: 50,000 to 74,999",690627
1/1/08 0:00,18 to 64,Female,No high school diploma,"A: 0 to 4,999",740143
1/1/08 0:00,18 to 64,Female,Bachelor's degree or higher,"G: 50,000 to 74,999",770798
1/1/08 0:00,18 to 64,Female,Bachelor's degree or higher,"H: 75,000 and over",781211
1/1/08 0:00,18 to 64,Male,Bachelor's degree or higher,"H: 75,000 and over",1456566
1/1/09 0:00,00 to 17,Male,"College, less than 4-yr degree","B: 5,000 to 9,999",1117
1/1/09 0:00,00 to 17,Male,High school or equivalent,"B: 5,000 to 9,999",1185
1/1/09 0:00,00 to 17,Female,High school or equivalent,"D: 15,000 to 24,999",1294
1/1/09 0:00,65 to 80+,Female,No high school diploma,"H: 75,000 and over",1398
1/1/09 0:00,00 to 17,Female,"College, less than 4-yr degree","D: 15,000 to 24,999",1780
1/1/09 0:00,00 to 17,Female,No high school diploma,"G: 50,000 to 74,999",1797
1/1/09 0:00,00 to 17,Female,No high school diploma,"F: 35,000 to 49,999",1800
1/1/09 0:00,00 to 17,Male,No high school diploma,"E: 25,000 to 34,999",1829
1/1/09 0:00,00 to 17,Male,"College, less than 4-yr degree","C: 10,000 to 14,999",1878
1/1/09 0:00,00 to 17,Male,High school or equivalent,"D: 15,000 to 24,999",2520
1/1/09 0:00,00 to 17,Male,"College, less than 4-yr degree","D: 15,000 to 24,999",2754
1/1/09 0:00,00 to 17,Male,"College, less than 4-yr degree","A: 0 to 4,999",2887
1/1/09 0:00,65 to 80+,Male,No high school diploma,"H: 75,000 and over",2915
1/1/09 0:00,00 to 17,Female,High school or equivalent,"B: 5,000 to 9,999",3169
1/1/09 0:00,00 to 17,Male,No high school diploma,"D: 15,000 to 24,999",3222
1/1/09 0:00,65 to 80+,Female,No high school diploma,"F: 35,000 to 49,999",4060
1/1/09 0:00,00 to 17,Female,"College, less than 4-yr degree","A: 0 to 4,999",4408
1/1/09 0:00,65 to 80+,Male,Bachelor's degree or higher,"A: 0 to 4,999",6660
1/1/09 0:00,00 to 17,Male,No high school diploma,"C: 10,000 to 14,999",7651
1/1/09 0:00,65 to 80+,Female,No high school diploma,"G: 50,000 to 74,999",7703
1/1/09 0:00,00 to 17,Female,High school or equivalent,"A: 0 to 4,999",9209
1/1/09 0:00,65 to 80+,Female,Bachelor's degree or higher,"A: 0 to 4,999",10741
1/1/09 0:00,18 to 64,Female,No high school diploma,"H: 75,000 and over",10943
1/1/09 0:00,00 to 17,Female,No high school diploma,"C: 10,000 to 14,999",11341
1/1/09 0:00,65 to 80+,Male,High school or equivalent,"A: 0 to 4,999",11528
1/1/09 0:00,65 to 80+,Female,"College, less than 4-yr degree","A: 0 to 4,999",12106
1/1/09 0:00,65 to 80+,Male,"College, less than 4-yr degree","A: 0 to 4,999",17061
1/1/09 0:00,65 to 80+,Male,No high school diploma,"A: 0 to 4,999",18196
1/1/09 0:00,65 to 80+,Male,No high school diploma,"G: 50,000 to 74,999",18475
1/1/09 0:00,65 to 80+,Female,High school or equivalent,"H: 75,000 and over",19659
1/1/09 0:00,65 to 80+,Female,No high school diploma,"E: 25,000 to 34,999",20186
1/1/09 0:00,65 to 80+,Male,"College, less than 4-yr degree","B: 5,000 to 9,999",23224
1/1/09 0:00,65 to 80+,Male,High school or equivalent,"H: 75,000 and over",23963
1/1/09 0:00,18 to 64,Female,No high school diploma,"G: 50,000 to 74,999",24592
1/1/09 0:00,65 to 80+,Male,No high school diploma,"F: 35,000 to 49,999",24599
1/1/09 0:00,65 to 80+,Female,High school or equivalent,"F: 35,000 to 49,999",27349
1/1/09 0:00,00 to 17,Female,No high school diploma,"B: 5,000 to 9,999",29280
1/1/09 0:00,65 to 80+,Male,"College, less than 4-yr degree","C: 10,000 to 14,999",30456
1/1/09 0:00,18 to 64,Female,No high school diploma,"F: 35,000 to 49,999",30741
1/1/09 0:00,65 to 80+,Female,"College, less than 4-yr degree","H: 75,000 and over",33358
1/1/09 0:00,65 to 80+,Male,Bachelor's degree or higher,"B: 5,000 to 9,999",34492
1/1/09 0:00,65 to 80+,Male,High school or equivalent,"G: 50,000 to 74,999",35227
1/1/09 0:00,65 to 80+,Male,Bachelor's degree or higher,"C: 10,000 to 14,999",36484
1/1/09 0:00,65 to 80+,Male,High school or equivalent,"B: 5,000 to 9,999",37770
1/1/09 0:00,65 to 80+,Male,"College, less than 4-yr degree","G: 50,000 to 74,999",39410
1/1/09 0:00,65 to 80+,Male,No high school diploma,"E: 25,000 to 34,999",41437
1/1/09 0:00,00 to 17,Male,No high school diploma,"B: 5,000 to 9,999",41863
1/1/09 0:00,65 to 80+,Female,High school or equivalent,"G: 50,000 to 74,999",42710
1/1/09 0:00,65 to 80+,Female,High school or equivalent,"A: 0 to 4,999",43907
1/1/09 0:00,18 to 64,Male,No high school diploma,"H: 75,000 and over",48803
1/1/09 0:00,65 to 80+,Male,High school or equivalent,"E: 25,000 to 34,999",50987
1/1/09 0:00,65 to 80+,Male,Bachelor's degree or higher,"D: 15,000 to 24,999",52607
1/1/09 0:00,65 to 80+,Male,"College, less than 4-yr degree","E: 25,000 to 34,999",55910
1/1/09 0:00,65 to 80+,Female,Bachelor's degree or higher,"H: 75,000 and over",57029
1/1/09 0:00,65 to 80+,Female,"College, less than 4-yr degree","G: 50,000 to 74,999",57036
1/1/09 0:00,18 to 64,Female,High school or equivalent,"H: 75,000 and over",57292
1/1/09 0:00,65 to 80+,Female,Bachelor's degree or higher,"B: 5,000 to 9,999",57811
1/1/09 0:00,65 to 80+,Male,"College, less than 4-yr degree","H: 75,000 and over",58478
1/1/09 0:00,65 to 80+,Female,High school or equivalent,"E: 25,000 to 34,999",58811
1/1/09 0:00,65 to 80+,Female,Bachelor's degree or higher,"E: 25,000 to 34,999",58901
1/1/09 0:00,65 to 80+,Male,High school or equivalent,"F: 35,000 to 49,999",59302
1/1/09 0:00,65 to 80+,Female,"College, less than 4-yr degree","F: 35,000 to 49,999",59529
1/1/09 0:00,65 to 80+,Female,Bachelor's degree or higher,"G: 50,000 to 74,999",61489
1/1/09 0:00,65 to 80+,Male,High school or equivalent,"D: 15,000 to 24,999",64082
1/1/09 0:00,65 to 80+,Female,No high school diploma,"D: 15,000 to 24,999",64958
1/1/09 0:00,65 to 80+,Female,Bachelor's degree or higher,"F: 35,000 to 49,999",68234
1/1/09 0:00,65 to 80+,Male,"College, less than 4-yr degree","F: 35,000 to 49,999",69546
1/1/09 0:00,18 to 64,Male,Bachelor's degree or higher,"B: 5,000 to 9,999",70367
1/1/09 0:00,65 to 80+,Female,Bachelor's degree or higher,"C: 10,000 to 14,999",70495
1/1/09 0:00,65 to 80+,Male,High school or equivalent,"C: 10,000 to 14,999",71193
1/1/09 0:00,65 to 80+,Male,No high school diploma,"B: 5,000 to 9,999",71415
1/1/09 0:00,65 to 80+,Male,No high school diploma,"D: 15,000 to 24,999",72908
1/1/09 0:00,65 to 80+,Female,No high school diploma,"A: 0 to 4,999",73024
1/1/09 0:00,65 to 80+,Female,"College, less than 4-yr degree","B: 5,000 to 9,999",75617
1/1/09 0:00,65 to 80+,Male,Bachelor's degree or higher,"E: 25,000 to 34,999",76215
1/1/09 0:00,65 to 80+,Male,Bachelor's degree or higher,"F: 35,000 to 49,999",77792
1/1/09 0:00,18 to 64,Male,No high school diploma,"G: 50,000 to 74,999",79922
1/1/09 0:00,65 to 80+,Female,"College, less than 4-yr degree","E: 25,000 to 34,999",81764
1/1/09 0:00,18 to 64,Male,Bachelor's degree or higher,"C: 10,000 to 14,999",84122
1/1/09 0:00,65 to 80+,Female,Bachelor's degree or higher,"D: 15,000 to 24,999",85667
1/1/09 0:00,18 to 64,Female,No high school diploma,"E: 25,000 to 34,999",86580
1/1/09 0:00,18 to 64,Male,Bachelor's degree or higher,"A: 0 to 4,999",88688
1/1/09 0:00,65 to 80+,Male,"College, less than 4-yr degree","D: 15,000 to 24,999",88779
1/1/09 0:00,65 to 80+,Female,"College, less than 4-yr degree","C: 10,000 to 14,999",89119
1/1/09 0:00,65 to 80+,Male,No high school diploma,"C: 10,000 to 14,999",98666
1/1/09 0:00,65 to 80+,Male,Bachelor's degree or higher,"G: 50,000 to 74,999",109490
1/1/09 0:00,65 to 80+,Female,High school or equivalent,"B: 5,000 to 9,999",116176
1/1/09 0:00,18 to 64,Female,High school or equivalent,"G: 50,000 to 74,999",134763
1/1/09 0:00,18 to 64,Female,Bachelor's degree or higher,"C: 10,000 to 14,999",136360
1/1/09 0:00,65 to 80+,Female,"College, less than 4-yr degree","D: 15,000 to 24,999",140082
1/1/09 0:00,65 to 80+,Female,No high school diploma,"C: 10,000 to 14,999",149933
1/1/09 0:00,65 to 80+,Female,High school or equivalent,"C: 10,000 to 14,999",151357
1/1/09 0:00,65 to 80+,Female,High school or equivalent,"D: 15,000 to 24,999",152036
1/1/09 0:00,18 to 64,Female,Bachelor's degree or higher,"B: 5,000 to 9,999",160748
1/1/09 0:00,65 to 80+,Female,No high school diploma,"B: 5,000 to 9,999",178289
1/1/09 0:00,18 to 64,Male,High school or equivalent,"H: 75,000 and over",190948
1/1/09 0:00,18 to 64,Female,"College, less than 4-yr degree","H: 75,000 and over",200198
1/1/09 0:00,18 to 64,Male,Bachelor's degree or higher,"D: 15,000 to 24,999",201713
1/1/09 0:00,18 to 64,Male,"College, less than 4-yr degree","A: 0 to 4,999",212039
1/1/09 0:00,65 to 80+,Male,Bachelor's degree or higher,"H: 75,000 and over",212440
1/1/09 0:00,18 to 64,Male,High school or equivalent,"C: 10,000 to 14,999",213345
1/1/09 0:00,18 to 64,Male,High school or equivalent,"B: 5,000 to 9,999",216871
1/1/09 0:00,18 to 64,Female,High school or equivalent,"C: 10,000 to 14,999",221787
1/1/09 0:00,18 to 64,Male,No high school diploma,"B: 5,000 to 9,999",229865
1/1/09 0:00,18 to 64,Female,High school or equivalent,"B: 5,000 to 9,999",234527
1/1/09 0:00,18 to 64,Female,High school or equivalent,"F: 35,000 to 49,999",234705
1/1/09 0:00,18 to 64,Male,"College, less than 4-yr degree","B: 5,000 to 9,999",235730
1/1/09 0:00,18 to 64,Female,Bachelor's degree or higher,"A: 0 to 4,999",243154
1/1/09 0:00,18 to 64,Male,No high school diploma,"F: 35,000 to 49,999",247159
1/1/09 0:00,18 to 64,Female,No high school diploma,"B: 5,000 to 9,999",248027
1/1/09 0:00,18 to 64,Male,Bachelor's degree or higher,"E: 25,000 to 34,999",251200
1/1/09 0:00,18 to 64,Female,No high school diploma,"C: 10,000 to 14,999",255296
1/1/09 0:00,18 to 64,Male,No high school diploma,"C: 10,000 to 14,999",278224
1/1/09 0:00,18 to 64,Male,No high school diploma,"A: 0 to 4,999",280947
1/1/09 0:00,18 to 64,Male,"College, less than 4-yr degree","C: 10,000 to 14,999",288174
1/1/09 0:00,18 to 64,Male,High school or equivalent,"A: 0 to 4,999",296927
1/1/09 0:00,18 to 64,Male,No high school diploma,"E: 25,000 to 34,999",307653
1/1/09 0:00,18 to 64,Female,Bachelor's degree or higher,"D: 15,000 to 24,999",311511
1/1/09 0:00,18 to 64,Female,High school or equivalent,"E: 25,000 to 34,999",318602
1/1/09 0:00,18 to 64,Female,Bachelor's degree or higher,"E: 25,000 to 34,999",320129
1/1/09 0:00,18 to 64,Female,"College, less than 4-yr degree","B: 5,000 to 9,999",345944
1/1/09 0:00,18 to 64,Female,"College, less than 4-yr degree","G: 50,000 to 74,999",347119
1/1/09 0:00,18 to 64,Male,High school or equivalent,"G: 50,000 to 74,999",350784
1/1/09 0:00,18 to 64,Female,No high school diploma,"D: 15,000 to 24,999",359624
1/1/09 0:00,18 to 64,Male,Bachelor's degree or higher,"F: 35,000 to 49,999",366170
1/1/09 0:00,18 to 64,Female,"College, less than 4-yr degree","C: 10,000 to 14,999",370518
1/1/09 0:00,18 to 64,Male,"College, less than 4-yr degree","E: 25,000 to 34,999",375408
1/1/09 0:00,18 to 64,Female,"College, less than 4-yr degree","A: 0 to 4,999",387007
1/1/09 0:00,18 to 64,Male,"College, less than 4-yr degree","D: 15,000 to 24,999",392488
1/1/09 0:00,18 to 64,Male,High school or equivalent,"E: 25,000 to 34,999",440200
1/1/09 0:00,18 to 64,Female,High school or equivalent,"D: 15,000 to 24,999",450205
1/1/09 0:00,18 to 64,Female,"College, less than 4-yr degree","E: 25,000 to 34,999",454455
1/1/09 0:00,18 to 64,Female,"College, less than 4-yr degree","F: 35,000 to 49,999",459975
1/1/09 0:00,18 to 64,Male,High school or equivalent,"F: 35,000 to 49,999",481130
1/1/09 0:00,18 to 64,Male,"College, less than 4-yr degree","F: 35,000 to 49,999",486983
1/1/09 0:00,18 to 64,Female,Bachelor's degree or higher,"F: 35,000 to 49,999",495664
1/1/09 0:00,18 to 64,Male,High school or equivalent,"D: 15,000 to 24,999",503750
1/1/09 0:00,18 to 64,Female,High school or equivalent,"A: 0 to 4,999",519946
1/1/09 0:00,18 to 64,Male,"College, less than 4-yr degree","H: 75,000 and over",521502
1/1/09 0:00,18 to 64,Male,No high school diploma,"D: 15,000 to 24,999",534542
1/1/09 0:00,18 to 64,Male,"College, less than 4-yr degree","G: 50,000 to 74,999",584200
1/1/09 0:00,00 to 17,Male,No high school diploma,"A: 0 to 4,999",629969
1/1/09 0:00,18 to 64,Female,"College, less than 4-yr degree","D: 15,000 to 24,999",647024
1/1/09 0:00,00 to 17,Female,No high school diploma,"A: 0 to 4,999",648149
1/1/09 0:00,18 to 64,Female,No high school diploma,"A: 0 to 4,999",654156
1/1/09 0:00,18 to 64,Female,Bachelor's degree or higher,"H: 75,000 and over",682401
1/1/09 0:00,18 to 64,Male,Bachelor's degree or higher,"G: 50,000 to 74,999",682775
1/1/09 0:00,18 to 64,Female,Bachelor's degree or higher,"G: 50,000 to 74,999",767013
1/1/09 0:00,18 to 64,Male,Bachelor's degree or higher,"H: 75,000 and over",1497839
1/1/10 0:00,00 to 17,Female,High school or equivalent,"E: 25,000 to 34,999",1048
1/1/10 0:00,00 to 17,Male,Bachelor's degree or higher,"H: 75,000 and over",1192
1/1/10 0:00,00 to 17,Male,"College, less than 4-yr degree","D: 15,000 to 24,999",1434
1/1/10 0:00,00 to 17,Male,"College, less than 4-yr degree","E: 25,000 to 34,999",1447
1/1/10 0:00,00 to 17,Female,High school or equivalent,"C: 10,000 to 14,999",1660
1/1/10 0:00,00 to 17,Male,High school or equivalent,"C: 10,000 to 14,999",1817
1/1/10 0:00,00 to 17,Male,"College, less than 4-yr degree","B: 5,000 to 9,999",2683
1/1/10 0:00,00 to 17,Female,Bachelor's degree or higher,"A: 0 to 4,999",2879
1/1/10 0:00,00 to 17,Female,High school or equivalent,"B: 5,000 to 9,999",3641
1/1/10 0:00,00 to 17,Male,No high school diploma,"F: 35,000 to 49,999",3642
1/1/10 0:00,65 to 80+,Female,No high school diploma,"H: 75,000 and over",4876
1/1/10 0:00,00 to 17,Male,No high school diploma,"C: 10,000 to 14,999",5345
1/1/10 0:00,00 to 17,Female,High school or equivalent,"A: 0 to 4,999",5811
1/1/10 0:00,00 to 17,Female,No high school diploma,"D: 15,000 to 24,999",6386
1/1/10 0:00,00 to 17,Female,No high school diploma,"C: 10,000 to 14,999",6967
1/1/10 0:00,65 to 80+,Male,No high school diploma,"H: 75,000 and over",8432
1/1/10 0:00,65 to 80+,Female,No high school diploma,"G: 50,000 to 74,999",8606
1/1/10 0:00,65 to 80+,Female,No high school diploma,"F: 35,000 to 49,999",8907
1/1/10 0:00,00 to 17,Male,No high school diploma,"D: 15,000 to 24,999",9139
1/1/10 0:00,65 to 80+,Male,"College, less than 4-yr degree","A: 0 to 4,999",9228
1/1/10 0:00,65 to 80+,Female,No high school diploma,"E: 25,000 to 34,999",11302
1/1/10 0:00,65 to 80+,Male,No high school diploma,"G: 50,000 to 74,999",13619
1/1/10 0:00,65 to 80+,Male,Bachelor's degree or higher,"A: 0 to 4,999",14892
1/1/10 0:00,18 to 64,Female,No high school diploma,"H: 75,000 and over",15038
1/1/10 0:00,18 to 64,Female,No high school diploma,"G: 50,000 to 74,999",18515
1/1/10 0:00,65 to 80+,Male,No high school diploma,"A: 0 to 4,999",18733
1/1/10 0:00,65 to 80+,Male,High school or equivalent,"H: 75,000 and over",20167
1/1/10 0:00,00 to 17,Male,No high school diploma,"B: 5,000 to 9,999",21116
1/1/10 0:00,65 to 80+,Female,High school or equivalent,"H: 75,000 and over",22945
1/1/10 0:00,65 to 80+,Male,"College, less than 4-yr degree","B: 5,000 to 9,999",23578
1/1/10 0:00,00 to 17,Female,No high school diploma,"B: 5,000 to 9,999",24781
1/1/10 0:00,65 to 80+,Male,High school or equivalent,"A: 0 to 4,999",24958
1/1/10 0:00,65 to 80+,Female,"College, less than 4-yr degree","A: 0 to 4,999",25882
1/1/10 0:00,65 to 80+,Male,No high school diploma,"F: 35,000 to 49,999",27814
1/1/10 0:00,65 to 80+,Female,Bachelor's degree or higher,"A: 0 to 4,999",28702
1/1/10 0:00,65 to 80+,Male,No high school diploma,"E: 25,000 to 34,999",28729
1/1/10 0:00,65 to 80+,Male,Bachelor's degree or higher,"B: 5,000 to 9,999",28867
1/1/10 0:00,65 to 80+,Female,"College, less than 4-yr degree","H: 75,000 and over",30088
1/1/10 0:00,65 to 80+,Male,High school or equivalent,"B: 5,000 to 9,999",30722
1/1/10 0:00,18 to 64,Female,No high school diploma,"F: 35,000 to 49,999",35129
1/1/10 0:00,65 to 80+,Female,High school or equivalent,"G: 50,000 to 74,999",35909
1/1/10 0:00,65 to 80+,Female,High school or equivalent,"A: 0 to 4,999",38084
1/1/10 0:00,18 to 64,Male,No high school diploma,"H: 75,000 and over",38266
1/1/10 0:00,65 to 80+,Male,High school or equivalent,"F: 35,000 to 49,999",38792
1/1/10 0:00,65 to 80+,Male,"College, less than 4-yr degree","G: 50,000 to 74,999",39453
1/1/10 0:00,65 to 80+,Female,High school or equivalent,"F: 35,000 to 49,999",40875
1/1/10 0:00,65 to 80+,Female,"College, less than 4-yr degree","G: 50,000 to 74,999",41076
1/1/10 0:00,18 to 64,Female,High school or equivalent,"H: 75,000 and over",43721
1/1/10 0:00,65 to 80+,Male,Bachelor's degree or higher,"C: 10,000 to 14,999",45842
1/1/10 0:00,65 to 80+,Male,"College, less than 4-yr degree","F: 35,000 to 49,999",46221
1/1/10 0:00,65 to 80+,Male,"College, less than 4-yr degree","H: 75,000 and over",51157
1/1/10 0:00,65 to 80+,Male,High school or equivalent,"G: 50,000 to 74,999",51319
1/1/10 0:00,65 to 80+,Female,"College, less than 4-yr degree","F: 35,000 to 49,999",55103
1/1/10 0:00,65 to 80+,Female,No high school diploma,"D: 15,000 to 24,999",57098
1/1/10 0:00,65 to 80+,Female,High school or equivalent,"E: 25,000 to 34,999",58847
1/1/10 0:00,65 to 80+,Male,"College, less than 4-yr degree","C: 10,000 to 14,999",60002
1/1/10 0:00,65 to 80+,Male,High school or equivalent,"E: 25,000 to 34,999",62167
1/1/10 0:00,65 to 80+,Male,Bachelor's degree or higher,"F: 35,000 to 49,999",64614
1/1/10 0:00,65 to 80+,Female,Bachelor's degree or higher,"E: 25,000 to 34,999",65563
1/1/10 0:00,65 to 80+,Male,High school or equivalent,"C: 10,000 to 14,999",67289
1/1/10 0:00,65 to 80+,Female,No high school diploma,"A: 0 to 4,999",72036
1/1/10 0:00,65 to 80+,Female,"College, less than 4-yr degree","E: 25,000 to 34,999",73450
1/1/10 0:00,65 to 80+,Male,"College, less than 4-yr degree","E: 25,000 to 34,999",73522
1/1/10 0:00,65 to 80+,Female,Bachelor's degree or higher,"H: 75,000 and over",73833
1/1/10 0:00,65 to 80+,Male,No high school diploma,"B: 5,000 to 9,999",75130
1/1/10 0:00,65 to 80+,Female,Bachelor's degree or higher,"B: 5,000 to 9,999",75754
1/1/10 0:00,65 to 80+,Female,Bachelor's degree or higher,"F: 35,000 to 49,999",76520
1/1/10 0:00,65 to 80+,Female,Bachelor's degree or higher,"G: 50,000 to 74,999",78561
1/1/10 0:00,18 to 64,Male,Bachelor's degree or higher,"B: 5,000 to 9,999",79453
1/1/10 0:00,65 to 80+,Male,High school or equivalent,"D: 15,000 to 24,999",79553
1/1/10 0:00,65 to 80+,Male,No high school diploma,"D: 15,000 to 24,999",81088
1/1/10 0:00,65 to 80+,Male,No high school diploma,"C: 10,000 to 14,999",81385
1/1/10 0:00,65 to 80+,Female,Bachelor's degree or higher,"C: 10,000 to 14,999",82404
1/1/10 0:00,65 to 80+,Male,Bachelor's degree or higher,"E: 25,000 to 34,999",85110
1/1/10 0:00,65 to 80+,Female,"College, less than 4-yr degree","C: 10,000 to 14,999",90675
1/1/10 0:00,18 to 64,Male,No high school diploma,"G: 50,000 to 74,999",93885
1/1/10 0:00,65 to 80+,Male,"College, less than 4-yr degree","D: 15,000 to 24,999",98499
1/1/10 0:00,65 to 80+,Male,Bachelor's degree or higher,"G: 50,000 to 74,999",103469
1/1/10 0:00,65 to 80+,Female,"College, less than 4-yr degree","B: 5,000 to 9,999",104478
1/1/10 0:00,65 to 80+,Female,Bachelor's degree or higher,"D: 15,000 to 24,999",107427
1/1/10 0:00,18 to 64,Female,No high school diploma,"E: 25,000 to 34,999",107504
1/1/10 0:00,18 to 64,Male,Bachelor's degree or higher,"A: 0 to 4,999",108052
1/1/10 0:00,65 to 80+,Male,Bachelor's degree or higher,"D: 15,000 to 24,999",111055
1/1/10 0:00,18 to 64,Male,Bachelor's degree or higher,"C: 10,000 to 14,999",127848
1/1/10 0:00,18 to 64,Female,Bachelor's degree or higher,"C: 10,000 to 14,999",133220
1/1/10 0:00,65 to 80+,Female,No high school diploma,"B: 5,000 to 9,999",136110
1/1/10 0:00,18 to 64,Female,High school or equivalent,"G: 50,000 to 74,999",136694
1/1/10 0:00,65 to 80+,Female,High school or equivalent,"B: 5,000 to 9,999",138923
1/1/10 0:00,65 to 80+,Female,High school or equivalent,"D: 15,000 to 24,999",138952
1/1/10 0:00,65 to 80+,Female,High school or equivalent,"C: 10,000 to 14,999",141254
1/1/10 0:00,65 to 80+,Female,No high school diploma,"C: 10,000 to 14,999",146005
1/1/10 0:00,65 to 80+,Female,"College, less than 4-yr degree","D: 15,000 to 24,999",152795
1/1/10 0:00,18 to 64,Female,Bachelor's degree or higher,"B: 5,000 to 9,999",168951
1/1/10 0:00,18 to 64,Female,"College, less than 4-yr degree","H: 75,000 and over",184398
1/1/10 0:00,18 to 64,Male,High school or equivalent,"B: 5,000 to 9,999",190829
1/1/10 0:00,65 to 80+,Male,Bachelor's degree or higher,"H: 75,000 and over",192339
1/1/10 0:00,18 to 64,Male,No high school diploma,"F: 35,000 to 49,999",192622
1/1/10 0:00,18 to 64,Male,High school or equivalent,"C: 10,000 to 14,999",209509
1/1/10 0:00,18 to 64,Male,High school or equivalent,"H: 75,000 and over",215851
1/1/10 0:00,18 to 64,Male,"College, less than 4-yr degree","B: 5,000 to 9,999",220408
1/1/10 0:00,18 to 64,Female,High school or equivalent,"F: 35,000 to 49,999",225261
1/1/10 0:00,18 to 64,Male,No high school diploma,"B: 5,000 to 9,999",226209
1/1/10 0:00,18 to 64,Male,"College, less than 4-yr degree","C: 10,000 to 14,999",234677
1/1/10 0:00,18 to 64,Male,Bachelor's degree or higher,"D: 15,000 to 24,999",234951
1/1/10 0:00,18 to 64,Female,No high school diploma,"B: 5,000 to 9,999",236424
1/1/10 0:00,18 to 64,Male,Bachelor's degree or higher,"E: 25,000 to 34,999",239971
1/1/10 0:00,18 to 64,Male,No high school diploma,"E: 25,000 to 34,999",244978
1/1/10 0:00,18 to 64,Female,High school or equivalent,"B: 5,000 to 9,999",252271
1/1/10 0:00,18 to 64,Female,No high school diploma,"C: 10,000 to 14,999",253247
1/1/10 0:00,18 to 64,Female,Bachelor's degree or higher,"A: 0 to 4,999",269680
1/1/10 0:00,18 to 64,Female,High school or equivalent,"C: 10,000 to 14,999",276576
1/1/10 0:00,18 to 64,Female,No high school diploma,"D: 15,000 to 24,999",287963
1/1/10 0:00,18 to 64,Male,No high school diploma,"C: 10,000 to 14,999",295536
1/1/10 0:00,18 to 64,Female,Bachelor's degree or higher,"E: 25,000 to 34,999",305706
1/1/10 0:00,18 to 64,Male,"College, less than 4-yr degree","A: 0 to 4,999",310460
1/1/10 0:00,18 to 64,Female,"College, less than 4-yr degree","G: 50,000 to 74,999",321434
1/1/10 0:00,18 to 64,Female,Bachelor's degree or higher,"D: 15,000 to 24,999",325516
1/1/10 0:00,18 to 64,Male,High school or equivalent,"G: 50,000 to 74,999",339017
1/1/10 0:00,18 to 64,Male,High school or equivalent,"A: 0 to 4,999",345253
1/1/10 0:00,18 to 64,Male,"College, less than 4-yr degree","D: 15,000 to 24,999",356706
1/1/10 0:00,18 to 64,Female,High school or equivalent,"E: 25,000 to 34,999",363540
1/1/10 0:00,18 to 64,Male,No high school diploma,"A: 0 to 4,999",369566
1/1/10 0:00,18 to 64,Female,"College, less than 4-yr degree","B: 5,000 to 9,999",374128
1/1/10 0:00,18 to 64,Male,"College, less than 4-yr degree","E: 25,000 to 34,999",374227
1/1/10 0:00,18 to 64,Female,"College, less than 4-yr degree","C: 10,000 to 14,999",386929
1/1/10 0:00,18 to 64,Male,Bachelor's degree or higher,"F: 35,000 to 49,999",408505
1/1/10 0:00,18 to 64,Male,High school or equivalent,"E: 25,000 to 34,999",412122
1/1/10 0:00,18 to 64,Female,High school or equivalent,"D: 15,000 to 24,999",436288
1/1/10 0:00,18 to 64,Male,"College, less than 4-yr degree","H: 75,000 and over",441967
1/1/10 0:00,18 to 64,Female,"College, less than 4-yr degree","F: 35,000 to 49,999",442917
1/1/10 0:00,18 to 64,Female,"College, less than 4-yr degree","A: 0 to 4,999",443607
1/1/10 0:00,18 to 64,Male,High school or equivalent,"F: 35,000 to 49,999",470369
1/1/10 0:00,18 to 64,Male,"College, less than 4-yr degree","F: 35,000 to 49,999",474116
1/1/10 0:00,18 to 64,Female,"College, less than 4-yr degree","E: 25,000 to 34,999",491109
1/1/10 0:00,18 to 64,Female,High school or equivalent,"A: 0 to 4,999",496567
1/1/10 0:00,18 to 64,Female,Bachelor's degree or higher,"F: 35,000 to 49,999",516029
1/1/10 0:00,18 to 64,Male,High school or equivalent,"D: 15,000 to 24,999",533513
1/1/10 0:00,18 to 64,Male,No high school diploma,"D: 15,000 to 24,999",535027
1/1/10 0:00,18 to 64,Female,"College, less than 4-yr degree","D: 15,000 to 24,999",567753
1/1/10 0:00,18 to 64,Male,"College, less than 4-yr degree","G: 50,000 to 74,999",581119
1/1/10 0:00,00 to 17,Male,No high school diploma,"A: 0 to 4,999",596761
1/1/10 0:00,00 to 17,Female,No high school diploma,"A: 0 to 4,999",610512
1/1/10 0:00,18 to 64,Male,Bachelor's degree or higher,"G: 50,000 to 74,999",624308
1/1/10 0:00,18 to 64,Female,No high school diploma,"A: 0 to 4,999",666858
1/1/10 0:00,18 to 64,Female,Bachelor's degree or higher,"G: 50,000 to 74,999",687153
1/1/10 0:00,18 to 64,Female,Bachelor's degree or higher,"H: 75,000 and over",755781
1/1/10 0:00,18 to 64,Male,Bachelor's degree or higher,"H: 75,000 and over",1424758
1/1/11 0:00,00 to 17,Male,"College, less than 4-yr degree","E: 25,000 to 34,999",1209
1/1/11 0:00,00 to 17,Male,High school or equivalent,"D: 15,000 to 24,999",1312
1/1/11 0:00,00 to 17,Male,"College, less than 4-yr degree","B: 5,000 to 9,999",1324
1/1/11 0:00,00 to 17,Male,High school or equivalent,"C: 10,000 to 14,999",1328
1/1/11 0:00,00 to 17,Female,"College, less than 4-yr degree","G: 50,000 to 74,999",1614
1/1/11 0:00,00 to 17,Male,"College, less than 4-yr degree","H: 75,000 and over",1618
1/1/11 0:00,00 to 17,Male,No high school diploma,"F: 35,000 to 49,999",1647
1/1/11 0:00,65 to 80+,Male,No high school diploma,"H: 75,000 and over",1686
1/1/11 0:00,65 to 80+,Female,No high school diploma,"H: 75,000 and over",2190
1/1/11 0:00,00 to 17,Male,Bachelor's degree or higher,"C: 10,000 to 14,999",2394
1/1/11 0:00,00 to 17,Female,High school or equivalent,"C: 10,000 to 14,999",2561
1/1/11 0:00,00 to 17,Female,Bachelor's degree or higher,"D: 15,000 to 24,999",2859
1/1/11 0:00,00 to 17,Male,No high school diploma,"E: 25,000 to 34,999",3220
1/1/11 0:00,00 to 17,Female,"College, less than 4-yr degree","A: 0 to 4,999",4089
1/1/11 0:00,00 to 17,Male,"College, less than 4-yr degree","A: 0 to 4,999",4421
1/1/11 0:00,00 to 17,Female,"College, less than 4-yr degree","B: 5,000 to 9,999",4503
1/1/11 0:00,00 to 17,Male,High school or equivalent,"A: 0 to 4,999",5434
1/1/11 0:00,65 to 80+,Male,No high school diploma,"G: 50,000 to 74,999",5966
1/1/11 0:00,65 to 80+,Female,No high school diploma,"G: 50,000 to 74,999",6419
1/1/11 0:00,00 to 17,Female,High school or equivalent,"A: 0 to 4,999",6903
1/1/11 0:00,18 to 64,Female,No high school diploma,"H: 75,000 and over",7168
1/1/11 0:00,00 to 17,Male,No high school diploma,"C: 10,000 to 14,999",9049
1/1/11 0:00,65 to 80+,Male,High school or equivalent,"H: 75,000 and over",9363
1/1/11 0:00,00 to 17,Male,No high school diploma,"D: 15,000 to 24,999",10327
1/1/11 0:00,65 to 80+,Female,High school or equivalent,"H: 75,000 and over",10372
1/1/11 0:00,65 to 80+,Female,No high school diploma,"F: 35,000 to 49,999",10588
1/1/11 0:00,00 to 17,Female,No high school diploma,"C: 10,000 to 14,999",13283
1/1/11 0:00,65 to 80+,Female,No high school diploma,"E: 25,000 to 34,999",13821
1/1/11 0:00,65 to 80+,Male,"College, less than 4-yr degree","A: 0 to 4,999",15250
1/1/11 0:00,65 to 80+,Male,High school or equivalent,"B: 5,000 to 9,999",16777
1/1/11 0:00,18 to 64,Female,No high school diploma,"G: 50,000 to 74,999",18925
1/1/11 0:00,65 to 80+,Male,No high school diploma,"F: 35,000 to 49,999",20806
1/1/11 0:00,65 to 80+,Male,No high school diploma,"E: 25,000 to 34,999",21236
1/1/11 0:00,65 to 80+,Male,Bachelor's degree or higher,"A: 0 to 4,999",21851
1/1/11 0:00,00 to 17,Male,No high school diploma,"B: 5,000 to 9,999",22729
1/1/11 0:00,65 to 80+,Female,"College, less than 4-yr degree","G: 50,000 to 74,999",25292
1/1/11 0:00,65 to 80+,Male,High school or equivalent,"A: 0 to 4,999",25812
1/1/11 0:00,65 to 80+,Female,Bachelor's degree or higher,"A: 0 to 4,999",25829
1/1/11 0:00,00 to 17,Female,No high school diploma,"B: 5,000 to 9,999",25907
1/1/11 0:00,65 to 80+,Female,High school or equivalent,"G: 50,000 to 74,999",27438
1/1/11 0:00,65 to 80+,Male,No high school diploma,"A: 0 to 4,999",27629
1/1/11 0:00,65 to 80+,Male,Bachelor's degree or higher,"B: 5,000 to 9,999",28190
1/1/11 0:00,65 to 80+,Female,"College, less than 4-yr degree","A: 0 to 4,999",29080
1/1/11 0:00,65 to 80+,Female,"College, less than 4-yr degree","H: 75,000 and over",33485
1/1/11 0:00,65 to 80+,Male,High school or equivalent,"F: 35,000 to 49,999",34214
1/1/11 0:00,65 to 80+,Male,"College, less than 4-yr degree","B: 5,000 to 9,999",37367
1/1/11 0:00,65 to 80+,Male,High school or equivalent,"G: 50,000 to 74,999",38236
1/1/11 0:00,18 to 64,Male,No high school diploma,"H: 75,000 and over",38335
1/1/11 0:00,65 to 80+,Female,High school or equivalent,"A: 0 to 4,999",43062
1/1/11 0:00,65 to 80+,Female,"College, less than 4-yr degree","F: 35,000 to 49,999",43331
1/1/11 0:00,65 to 80+,Male,Bachelor's degree or higher,"C: 10,000 to 14,999",47668
1/1/11 0:00,65 to 80+,Female,Bachelor's degree or higher,"B: 5,000 to 9,999",49166
1/1/11 0:00,18 to 64,Female,High school or equivalent,"H: 75,000 and over",51155
1/1/11 0:00,65 to 80+,Female,High school or equivalent,"F: 35,000 to 49,999",52376
1/1/11 0:00,65 to 80+,Male,"College, less than 4-yr degree","G: 50,000 to 74,999",53447
1/1/11 0:00,65 to 80+,Male,"College, less than 4-yr degree","F: 35,000 to 49,999",54755
1/1/11 0:00,18 to 64,Female,No high school diploma,"F: 35,000 to 49,999",57985
1/1/11 0:00,65 to 80+,Female,Bachelor's degree or higher,"F: 35,000 to 49,999",58285
1/1/11 0:00,65 to 80+,Male,No high school diploma,"B: 5,000 to 9,999",63343
1/1/11 0:00,65 to 80+,Male,High school or equivalent,"E: 25,000 to 34,999",64250
1/1/11 0:00,65 to 80+,Male,"College, less than 4-yr degree","H: 75,000 and over",64832
1/1/11 0:00,65 to 80+,Female,High school or equivalent,"E: 25,000 to 34,999",65587
1/1/11 0:00,65 to 80+,Male,"College, less than 4-yr degree","C: 10,000 to 14,999",66646
1/1/11 0:00,65 to 80+,Female,Bachelor's degree or higher,"C: 10,000 to 14,999",67525
1/1/11 0:00,65 to 80+,Female,No high school diploma,"D: 15,000 to 24,999",68997
1/1/11 0:00,65 to 80+,Male,"College, less than 4-yr degree","E: 25,000 to 34,999",71541
1/1/11 0:00,65 to 80+,Female,Bachelor's degree or higher,"H: 75,000 and over",75921
1/1/11 0:00,65 to 80+,Female,No high school diploma,"A: 0 to 4,999",77617
1/1/11 0:00,65 to 80+,Male,No high school diploma,"D: 15,000 to 24,999",80402
1/1/11 0:00,65 to 80+,Female,Bachelor's degree or higher,"E: 25,000 to 34,999",80989
1/1/11 0:00,65 to 80+,Male,High school or equivalent,"C: 10,000 to 14,999",82082
1/1/11 0:00,65 to 80+,Male,No high school diploma,"C: 10,000 to 14,999",86809
1/1/11 0:00,65 to 80+,Male,Bachelor's degree or higher,"F: 35,000 to 49,999",87337
1/1/11 0:00,65 to 80+,Female,"College, less than 4-yr degree","E: 25,000 to 34,999",88513
1/1/11 0:00,65 to 80+,Female,Bachelor's degree or higher,"G: 50,000 to 74,999",90812
1/1/11 0:00,18 to 64,Female,No high school diploma,"E: 25,000 to 34,999",91755
1/1/11 0:00,65 to 80+,Male,Bachelor's degree or higher,"E: 25,000 to 34,999",92725
1/1/11 0:00,18 to 64,Male,Bachelor's degree or higher,"B: 5,000 to 9,999",97326
1/1/11 0:00,18 to 64,Male,No high school diploma,"G: 50,000 to 74,999",100776
1/1/11 0:00,65 to 80+,Male,"College, less than 4-yr degree","D: 15,000 to 24,999",100794
1/1/11 0:00,65 to 80+,Female,"College, less than 4-yr degree","C: 10,000 to 14,999",102391
1/1/11 0:00,65 to 80+,Male,Bachelor's degree or higher,"D: 15,000 to 24,999",106705
1/1/11 0:00,65 to 80+,Female,"College, less than 4-yr degree","B: 5,000 to 9,999",107745
1/1/11 0:00,65 to 80+,Male,High school or equivalent,"D: 15,000 to 24,999",107748
1/1/11 0:00,18 to 64,Male,Bachelor's degree or higher,"A: 0 to 4,999",113687
1/1/11 0:00,65 to 80+,Female,Bachelor's degree or higher,"D: 15,000 to 24,999",114697
1/1/11 0:00,18 to 64,Female,Bachelor's degree or higher,"B: 5,000 to 9,999",121211
1/1/11 0:00,65 to 80+,Female,High school or equivalent,"C: 10,000 to 14,999",125104
1/1/11 0:00,18 to 64,Male,Bachelor's degree or higher,"C: 10,000 to 14,999",126768
1/1/11 0:00,18 to 64,Female,High school or equivalent,"G: 50,000 to 74,999",139946
1/1/11 0:00,65 to 80+,Female,High school or equivalent,"B: 5,000 to 9,999",140300
1/1/11 0:00,65 to 80+,Female,High school or equivalent,"D: 15,000 to 24,999",148331
1/1/11 0:00,65 to 80+,Male,Bachelor's degree or higher,"G: 50,000 to 74,999",148745
1/1/11 0:00,65 to 80+,Female,"College, less than 4-yr degree","D: 15,000 to 24,999",152093
1/1/11 0:00,65 to 80+,Female,No high school diploma,"C: 10,000 to 14,999",152780
1/1/11 0:00,18 to 64,Female,Bachelor's degree or higher,"C: 10,000 to 14,999",170533
1/1/11 0:00,65 to 80+,Male,Bachelor's degree or higher,"H: 75,000 and over",175775
1/1/11 0:00,18 to 64,Male,No high school diploma,"F: 35,000 to 49,999",175841
1/1/11 0:00,65 to 80+,Female,No high school diploma,"B: 5,000 to 9,999",175975
1/1/11 0:00,18 to 64,Male,No high school diploma,"B: 5,000 to 9,999",177781
1/1/11 0:00,18 to 64,Male,High school or equivalent,"B: 5,000 to 9,999",179616
1/1/11 0:00,18 to 64,Male,High school or equivalent,"H: 75,000 and over",188373
1/1/11 0:00,18 to 64,Female,"College, less than 4-yr degree","H: 75,000 and over",194826
1/1/11 0:00,18 to 64,Male,Bachelor's degree or higher,"D: 15,000 to 24,999",230412
1/1/11 0:00,18 to 64,Male,"College, less than 4-yr degree","B: 5,000 to 9,999",231167
1/1/11 0:00,18 to 64,Female,No high school diploma,"B: 5,000 to 9,999",246973
1/1/11 0:00,18 to 64,Male,Bachelor's degree or higher,"E: 25,000 to 34,999",248724
1/1/11 0:00,18 to 64,Male,High school or equivalent,"C: 10,000 to 14,999",264534
1/1/11 0:00,18 to 64,Female,Bachelor's degree or higher,"A: 0 to 4,999",266304
1/1/11 0:00,18 to 64,Female,No high school diploma,"C: 10,000 to 14,999",273029
1/1/11 0:00,18 to 64,Female,Bachelor's degree or higher,"E: 25,000 to 34,999",286343
1/1/11 0:00,18 to 64,Male,"College, less than 4-yr degree","C: 10,000 to 14,999",288293
1/1/11 0:00,18 to 64,Male,No high school diploma,"C: 10,000 to 14,999",288850
1/1/11 0:00,18 to 64,Female,High school or equivalent,"B: 5,000 to 9,999",291364
1/1/11 0:00,18 to 64,Male,No high school diploma,"E: 25,000 to 34,999",295383
1/1/11 0:00,18 to 64,Female,No high school diploma,"D: 15,000 to 24,999",301428
1/1/11 0:00,18 to 64,Female,High school or equivalent,"C: 10,000 to 14,999",305265
1/1/11 0:00,18 to 64,Female,High school or equivalent,"F: 35,000 to 49,999",311597
1/1/11 0:00,18 to 64,Female,Bachelor's degree or higher,"D: 15,000 to 24,999",314317
1/1/11 0:00,18 to 64,Female,High school or equivalent,"E: 25,000 to 34,999",323001
1/1/11 0:00,18 to 64,Female,"College, less than 4-yr degree","G: 50,000 to 74,999",323702
1/1/11 0:00,18 to 64,Male,Bachelor's degree or higher,"F: 35,000 to 49,999",331666
1/1/11 0:00,18 to 64,Male,"College, less than 4-yr degree","A: 0 to 4,999",331991
1/1/11 0:00,18 to 64,Male,"College, less than 4-yr degree","E: 25,000 to 34,999",353200
1/1/11 0:00,18 to 64,Male,No high school diploma,"A: 0 to 4,999",359401
1/1/11 0:00,18 to 64,Female,"College, less than 4-yr degree","B: 5,000 to 9,999",367713
1/1/11 0:00,18 to 64,Female,"College, less than 4-yr degree","C: 10,000 to 14,999",368797
1/1/11 0:00,18 to 64,Male,High school or equivalent,"G: 50,000 to 74,999",387890
1/1/11 0:00,18 to 64,Male,"College, less than 4-yr degree","D: 15,000 to 24,999",412679
1/1/11 0:00,18 to 64,Male,High school or equivalent,"E: 25,000 to 34,999",422294
1/1/11 0:00,18 to 64,Female,High school or equivalent,"D: 15,000 to 24,999",425683
1/1/11 0:00,18 to 64,Female,"College, less than 4-yr degree","F: 35,000 to 49,999",427109
1/1/11 0:00,18 to 64,Male,High school or equivalent,"A: 0 to 4,999",450644
1/1/11 0:00,18 to 64,Female,"College, less than 4-yr degree","E: 25,000 to 34,999",460822
1/1/11 0:00,18 to 64,Male,"College, less than 4-yr degree","H: 75,000 and over",462728
1/1/11 0:00,18 to 64,Male,High school or equivalent,"F: 35,000 to 49,999",477882
1/1/11 0:00,18 to 64,Male,"College, less than 4-yr degree","F: 35,000 to 49,999",480546
1/1/11 0:00,18 to 64,Female,Bachelor's degree or higher,"F: 35,000 to 49,999",483781
1/1/11 0:00,18 to 64,Male,"College, less than 4-yr degree","G: 50,000 to 74,999",489968
1/1/11 0:00,18 to 64,Male,High school or equivalent,"D: 15,000 to 24,999",519889
1/1/11 0:00,18 to 64,Female,"College, less than 4-yr degree","A: 0 to 4,999",525597
1/1/11 0:00,18 to 64,Female,"College, less than 4-yr degree","D: 15,000 to 24,999",542492
1/1/11 0:00,18 to 64,Male,No high school diploma,"D: 15,000 to 24,999",546856
1/1/11 0:00,18 to 64,Female,High school or equivalent,"A: 0 to 4,999",575559
1/1/11 0:00,00 to 17,Female,No high school diploma,"A: 0 to 4,999",634048
1/1/11 0:00,18 to 64,Male,Bachelor's degree or higher,"G: 50,000 to 74,999",644826
1/1/11 0:00,18 to 64,Female,Bachelor's degree or higher,"G: 50,000 to 74,999",676522
1/1/11 0:00,00 to 17,Male,No high school diploma,"A: 0 to 4,999",679824
1/1/11 0:00,18 to 64,Female,No high school diploma,"A: 0 to 4,999",748885
1/1/11 0:00,18 to 64,Female,Bachelor's degree or higher,"H: 75,000 and over",777479
1/1/11 0:00,18 to 64,Male,Bachelor's degree or higher,"H: 75,000 and over",1396795
1/1/12 0:00,00 to 17,Male,No high school diploma,"E: 25,000 to 34,999",1104
1/1/12 0:00,00 to 17,Female,"College, less than 4-yr degree","D: 15,000 to 24,999",1198
1/1/12 0:00,00 to 17,Female,Bachelor's degree or higher,"E: 25,000 to 34,999",1198
1/1/12 0:00,00 to 17,Female,No high school diploma,"H: 75,000 and over",1553
1/1/12 0:00,00 to 17,Male,No high school diploma,"F: 35,000 to 49,999",1636
1/1/12 0:00,00 to 17,Male,Bachelor's degree or higher,"A: 0 to 4,999",1680
1/1/12 0:00,00 to 17,Female,"College, less than 4-yr degree","B: 5,000 to 9,999",1871
1/1/12 0:00,00 to 17,Female,"College, less than 4-yr degree","C: 10,000 to 14,999",2046
1/1/12 0:00,00 to 17,Female,No high school diploma,"D: 15,000 to 24,999",2075
1/1/12 0:00,00 to 17,Male,"College, less than 4-yr degree","C: 10,000 to 14,999",3208
1/1/12 0:00,00 to 17,Female,"College, less than 4-yr degree","A: 0 to 4,999",4102
1/1/12 0:00,18 to 64,Female,No high school diploma,"H: 75,000 and over",4142
1/1/12 0:00,00 to 17,Male,No high school diploma,"C: 10,000 to 14,999",4166
1/1/12 0:00,00 to 17,Female,No high school diploma,"C: 10,000 to 14,999",5318
1/1/12 0:00,65 to 80+,Male,"College, less than 4-yr degree","A: 0 to 4,999",6274
1/1/12 0:00,00 to 17,Female,High school or equivalent,"A: 0 to 4,999",6291
1/1/12 0:00,18 to 64,Female,No high school diploma,"G: 50,000 to 74,999",7581
1/1/12 0:00,65 to 80+,Male,No high school diploma,"H: 75,000 and over",7813
1/1/12 0:00,65 to 80+,Female,No high school diploma,"E: 25,000 to 34,999",8966
1/1/12 0:00,65 to 80+,Female,No high school diploma,"G: 50,000 to 74,999",9308
1/1/12 0:00,65 to 80+,Female,No high school diploma,"F: 35,000 to 49,999",9325
1/1/12 0:00,00 to 17,Male,No high school diploma,"D: 15,000 to 24,999",9647
1/1/12 0:00,65 to 80+,Female,Bachelor's degree or higher,"A: 0 to 4,999",11184
1/1/12 0:00,65 to 80+,Male,No high school diploma,"G: 50,000 to 74,999",12515
1/1/12 0:00,65 to 80+,Male,Bachelor's degree or higher,"A: 0 to 4,999",14562
1/1/12 0:00,65 to 80+,Male,Bachelor's degree or higher,"B: 5,000 to 9,999",16823
1/1/12 0:00,65 to 80+,Male,No high school diploma,"F: 35,000 to 49,999",19530
1/1/12 0:00,65 to 80+,Male,High school or equivalent,"H: 75,000 and over",21430
1/1/12 0:00,65 to 80+,Male,High school or equivalent,"G: 50,000 to 74,999",21505
1/1/12 0:00,65 to 80+,Female,"College, less than 4-yr degree","H: 75,000 and over",23888
1/1/12 0:00,65 to 80+,Female,High school or equivalent,"H: 75,000 and over",26205
1/1/12 0:00,65 to 80+,Male,"College, less than 4-yr degree","B: 5,000 to 9,999",27496
1/1/12 0:00,00 to 17,Female,No high school diploma,"B: 5,000 to 9,999",27841
1/1/12 0:00,65 to 80+,Female,"College, less than 4-yr degree","A: 0 to 4,999",28392
1/1/12 0:00,00 to 17,Male,No high school diploma,"B: 5,000 to 9,999",28609
1/1/12 0:00,18 to 64,Female,No high school diploma,"F: 35,000 to 49,999",31925
1/1/12 0:00,65 to 80+,Male,High school or equivalent,"B: 5,000 to 9,999",34505
1/1/12 0:00,65 to 80+,Female,"College, less than 4-yr degree","F: 35,000 to 49,999",34919
1/1/12 0:00,65 to 80+,Female,High school or equivalent,"G: 50,000 to 74,999",35359
1/1/12 0:00,18 to 64,Male,No high school diploma,"H: 75,000 and over",37162
1/1/12 0:00,65 to 80+,Male,No high school diploma,"E: 25,000 to 34,999",38125
1/1/12 0:00,65 to 80+,Male,Bachelor's degree or higher,"C: 10,000 to 14,999",39590
1/1/12 0:00,65 to 80+,Female,High school or equivalent,"A: 0 to 4,999",40812
1/1/12 0:00,65 to 80+,Male,High school or equivalent,"C: 10,000 to 14,999",42768
1/1/12 0:00,65 to 80+,Female,High school or equivalent,"F: 35,000 to 49,999",43410
1/1/12 0:00,65 to 80+,Female,"College, less than 4-yr degree","G: 50,000 to 74,999",43737
1/1/12 0:00,65 to 80+,Male,No high school diploma,"A: 0 to 4,999",43797
1/1/12 0:00,18 to 64,Female,High school or equivalent,"H: 75,000 and over",55907
1/1/12 0:00,65 to 80+,Female,"College, less than 4-yr degree","B: 5,000 to 9,999",57101
1/1/12 0:00,65 to 80+,Male,"College, less than 4-yr degree","H: 75,000 and over",59412
1/1/12 0:00,65 to 80+,Female,Bachelor's degree or higher,"B: 5,000 to 9,999",61123
1/1/12 0:00,65 to 80+,Male,"College, less than 4-yr degree","G: 50,000 to 74,999",61326
1/1/12 0:00,65 to 80+,Male,High school or equivalent,"F: 35,000 to 49,999",62391
1/1/12 0:00,65 to 80+,Male,"College, less than 4-yr degree","C: 10,000 to 14,999",62706
1/1/12 0:00,65 to 80+,Male,High school or equivalent,"E: 25,000 to 34,999",63083
1/1/12 0:00,65 to 80+,Female,High school or equivalent,"E: 25,000 to 34,999",65999
1/1/12 0:00,65 to 80+,Male,No high school diploma,"B: 5,000 to 9,999",66775
1/1/12 0:00,65 to 80+,Female,Bachelor's degree or higher,"E: 25,000 to 34,999",68744
1/1/12 0:00,65 to 80+,Female,Bachelor's degree or higher,"H: 75,000 and over",71088
1/1/12 0:00,65 to 80+,Female,Bachelor's degree or higher,"C: 10,000 to 14,999",71204
1/1/12 0:00,65 to 80+,Male,"College, less than 4-yr degree","F: 35,000 to 49,999",74258
1/1/12 0:00,65 to 80+,Female,Bachelor's degree or higher,"G: 50,000 to 74,999",75288
1/1/12 0:00,65 to 80+,Male,No high school diploma,"D: 15,000 to 24,999",75781
1/1/12 0:00,65 to 80+,Female,No high school diploma,"A: 0 to 4,999",78939
1/1/12 0:00,65 to 80+,Male,"College, less than 4-yr degree","E: 25,000 to 34,999",81133
1/1/12 0:00,65 to 80+,Female,Bachelor's degree or higher,"D: 15,000 to 24,999",81556
1/1/12 0:00,18 to 64,Male,Bachelor's degree or higher,"B: 5,000 to 9,999",84310
1/1/12 0:00,65 to 80+,Female,"College, less than 4-yr degree","E: 25,000 to 34,999",84364
1/1/12 0:00,18 to 64,Male,No high school diploma,"G: 50,000 to 74,999",85944
1/1/12 0:00,65 to 80+,Male,No high school diploma,"C: 10,000 to 14,999",87788
1/1/12 0:00,65 to 80+,Male,Bachelor's degree or higher,"F: 35,000 to 49,999",91063
1/1/12 0:00,18 to 64,Male,Bachelor's degree or higher,"C: 10,000 to 14,999",92147
1/1/12 0:00,65 to 80+,Female,No high school diploma,"D: 15,000 to 24,999",93246
1/1/12 0:00,18 to 64,Female,No high school diploma,"E: 25,000 to 34,999",98037
1/1/12 0:00,65 to 80+,Female,Bachelor's degree or higher,"F: 35,000 to 49,999",99010
1/1/12 0:00,65 to 80+,Female,"College, less than 4-yr degree","C: 10,000 to 14,999",103317
1/1/12 0:00,65 to 80+,Male,"College, less than 4-yr degree","D: 15,000 to 24,999",106452
1/1/12 0:00,65 to 80+,Male,Bachelor's degree or higher,"D: 15,000 to 24,999",106794
1/1/12 0:00,65 to 80+,Male,Bachelor's degree or higher,"E: 25,000 to 34,999",107542
1/1/12 0:00,65 to 80+,Male,High school or equivalent,"D: 15,000 to 24,999",122757
1/1/12 0:00,65 to 80+,Female,No high school diploma,"C: 10,000 to 14,999",128893
1/1/12 0:00,18 to 64,Female,High school or equivalent,"G: 50,000 to 74,999",132765
1/1/12 0:00,65 to 80+,Male,Bachelor's degree or higher,"G: 50,000 to 74,999",136530
1/1/12 0:00,65 to 80+,Female,High school or equivalent,"B: 5,000 to 9,999",138731
1/1/12 0:00,18 to 64,Male,Bachelor's degree or higher,"A: 0 to 4,999",143162
1/1/12 0:00,65 to 80+,Female,"College, less than 4-yr degree","D: 15,000 to 24,999",146503
1/1/12 0:00,18 to 64,Female,Bachelor's degree or higher,"C: 10,000 to 14,999",147701
1/1/12 0:00,18 to 64,Male,High school or equivalent,"H: 75,000 and over",168064
1/1/12 0:00,65 to 80+,Female,High school or equivalent,"C: 10,000 to 14,999",168905
1/1/12 0:00,65 to 80+,Female,No high school diploma,"B: 5,000 to 9,999",171363
1/1/12 0:00,18 to 64,Female,Bachelor's degree or higher,"B: 5,000 to 9,999",181728
1/1/12 0:00,18 to 64,Female,"College, less than 4-yr degree","H: 75,000 and over",200267
1/1/12 0:00,65 to 80+,Female,High school or equivalent,"D: 15,000 to 24,999",202994
1/1/12 0:00,65 to 80+,Male,Bachelor's degree or higher,"H: 75,000 and over",207930
1/1/12 0:00,18 to 64,Male,No high school diploma,"F: 35,000 to 49,999",220388
1/1/12 0:00,18 to 64,Male,High school or equivalent,"B: 5,000 to 9,999",223998
1/1/12 0:00,18 to 64,Male,Bachelor's degree or higher,"D: 15,000 to 24,999",226292
1/1/12 0:00,18 to 64,Male,Bachelor's degree or higher,"E: 25,000 to 34,999",229693
1/1/12 0:00,18 to 64,Male,No high school diploma,"B: 5,000 to 9,999",234399
1/1/12 0:00,18 to 64,Female,No high school diploma,"C: 10,000 to 14,999",249688
1/1/12 0:00,18 to 64,Male,"College, less than 4-yr degree","C: 10,000 to 14,999",254478
1/1/12 0:00,18 to 64,Female,High school or equivalent,"F: 35,000 to 49,999",255299
1/1/12 0:00,18 to 64,Female,No high school diploma,"B: 5,000 to 9,999",279793
1/1/12 0:00,18 to 64,Female,Bachelor's degree or higher,"D: 15,000 to 24,999",283574
1/1/12 0:00,18 to 64,Male,No high school diploma,"E: 25,000 to 34,999",285220
1/1/12 0:00,18 to 64,Female,High school or equivalent,"C: 10,000 to 14,999",285836
1/1/12 0:00,18 to 64,Female,High school or equivalent,"B: 5,000 to 9,999",289183
1/1/12 0:00,18 to 64,Male,High school or equivalent,"C: 10,000 to 14,999",291838
1/1/12 0:00,18 to 64,Male,"College, less than 4-yr degree","B: 5,000 to 9,999",295051
1/1/12 0:00,18 to 64,Male,No high school diploma,"C: 10,000 to 14,999",296619
1/1/12 0:00,18 to 64,Female,Bachelor's degree or higher,"E: 25,000 to 34,999",310527
1/1/12 0:00,18 to 64,Female,High school or equivalent,"E: 25,000 to 34,999",317656
1/1/12 0:00,18 to 64,Female,No high school diploma,"D: 15,000 to 24,999",335644
1/1/12 0:00,18 to 64,Female,Bachelor's degree or higher,"A: 0 to 4,999",337101
1/1/12 0:00,18 to 64,Female,"College, less than 4-yr degree","G: 50,000 to 74,999",340166
1/1/12 0:00,18 to 64,Male,No high school diploma,"A: 0 to 4,999",357363
1/1/12 0:00,18 to 64,Female,"College, less than 4-yr degree","C: 10,000 to 14,999",364362
1/1/12 0:00,18 to 64,Male,"College, less than 4-yr degree","E: 25,000 to 34,999",366349
1/1/12 0:00,18 to 64,Female,"College, less than 4-yr degree","B: 5,000 to 9,999",375121
1/1/12 0:00,18 to 64,Male,"College, less than 4-yr degree","A: 0 to 4,999",385337
1/1/12 0:00,18 to 64,Male,High school or equivalent,"G: 50,000 to 74,999",387094
1/1/12 0:00,18 to 64,Male,Bachelor's degree or higher,"F: 35,000 to 49,999",402570
1/1/12 0:00,18 to 64,Male,High school or equivalent,"E: 25,000 to 34,999",403456
1/1/12 0:00,18 to 64,Male,High school or equivalent,"F: 35,000 to 49,999",430104
1/1/12 0:00,18 to 64,Male,"College, less than 4-yr degree","F: 35,000 to 49,999",438565
1/1/12 0:00,18 to 64,Male,"College, less than 4-yr degree","G: 50,000 to 74,999",449158
1/1/12 0:00,18 to 64,Male,High school or equivalent,"A: 0 to 4,999",453889
1/1/12 0:00,18 to 64,Female,"College, less than 4-yr degree","E: 25,000 to 34,999",456854
1/1/12 0:00,18 to 64,Male,"College, less than 4-yr degree","D: 15,000 to 24,999",457806
1/1/12 0:00,18 to 64,Female,"College, less than 4-yr degree","F: 35,000 to 49,999",471354
1/1/12 0:00,18 to 64,Male,"College, less than 4-yr degree","H: 75,000 and over",477728
1/1/12 0:00,18 to 64,Female,High school or equivalent,"D: 15,000 to 24,999",478261
1/1/12 0:00,18 to 64,Male,No high school diploma,"D: 15,000 to 24,999",478466
1/1/12 0:00,18 to 64,Female,Bachelor's degree or higher,"F: 35,000 to 49,999",485498
1/1/12 0:00,18 to 64,Male,High school or equivalent,"D: 15,000 to 24,999",533300
1/1/12 0:00,18 to 64,Female,"College, less than 4-yr degree","A: 0 to 4,999",544361
1/1/12 0:00,18 to 64,Male,Bachelor's degree or higher,"G: 50,000 to 74,999",552522
1/1/12 0:00,18 to 64,Female,High school or equivalent,"A: 0 to 4,999",569172
1/1/12 0:00,18 to 64,Female,"College, less than 4-yr degree","D: 15,000 to 24,999",609758
1/1/12 0:00,00 to 17,Female,No high school diploma,"A: 0 to 4,999",641084
1/1/12 0:00,18 to 64,Female,Bachelor's degree or higher,"G: 50,000 to 74,999",684421
1/1/12 0:00,00 to 17,Male,No high school diploma,"A: 0 to 4,999",705113
1/1/12 0:00,18 to 64,Female,No high school diploma,"A: 0 to 4,999",719609
1/1/12 0:00,18 to 64,Female,Bachelor's degree or higher,"H: 75,000 and over",829905
1/1/12 0:00,18 to 64,Male,Bachelor's degree or higher,"H: 75,000 and over",1511773
1/1/13 0:00,00 to 17,Female,"College, less than 4-yr degree","F: 35,000 to 49,999",1283
1/1/13 0:00,00 to 17,Male,High school or equivalent,"B: 5,000 to 9,999",1405
1/1/13 0:00,00 to 17,Male,No high school diploma,"E: 25,000 to 34,999",1435
1/1/13 0:00,00 to 17,Female,"College, less than 4-yr degree","D: 15,000 to 24,999",1689
1/1/13 0:00,00 to 17,Female,"College, less than 4-yr degree","C: 10,000 to 14,999",1956
1/1/13 0:00,00 to 17,Male,"College, less than 4-yr degree","C: 10,000 to 14,999",2212
1/1/13 0:00,65 to 80+,Female,No high school diploma,"H: 75,000 and over",3026
1/1/13 0:00,18 to 64,Female,No high school diploma,"H: 75,000 and over",3886
1/1/13 0:00,65 to 80+,Male,"College, less than 4-yr degree","A: 0 to 4,999",4295
1/1/13 0:00,00 to 17,Female,"College, less than 4-yr degree","A: 0 to 4,999",4419
1/1/13 0:00,00 to 17,Male,No high school diploma,"C: 10,000 to 14,999",4907
1/1/13 0:00,00 to 17,Female,No high school diploma,"D: 15,000 to 24,999",5073
1/1/13 0:00,00 to 17,Male,No high school diploma,"D: 15,000 to 24,999",6336
1/1/13 0:00,65 to 80+,Female,No high school diploma,"G: 50,000 to 74,999",7600
1/1/13 0:00,00 to 17,Female,High school or equivalent,"B: 5,000 to 9,999",8226
1/1/13 0:00,65 to 80+,Female,High school or equivalent,"H: 75,000 and over",8493
1/1/13 0:00,65 to 80+,Female,No high school diploma,"F: 35,000 to 49,999",8609
1/1/13 0:00,00 to 17,Female,High school or equivalent,"A: 0 to 4,999",8651
1/1/13 0:00,00 to 17,Female,No high school diploma,"C: 10,000 to 14,999",10299
1/1/13 0:00,65 to 80+,Female,No high school diploma,"E: 25,000 to 34,999",11131
1/1/13 0:00,65 to 80+,Female,"College, less than 4-yr degree","A: 0 to 4,999",13731
1/1/13 0:00,65 to 80+,Male,High school or equivalent,"A: 0 to 4,999",13764
1/1/13 0:00,00 to 17,Male,No high school diploma,"B: 5,000 to 9,999",14929
1/1/13 0:00,18 to 64,Female,No high school diploma,"G: 50,000 to 74,999",15944
1/1/13 0:00,65 to 80+,Female,High school or equivalent,"G: 50,000 to 74,999",20412
1/1/13 0:00,65 to 80+,Male,No high school diploma,"F: 35,000 to 49,999",21275
1/1/13 0:00,65 to 80+,Male,"College, less than 4-yr degree","B: 5,000 to 9,999",21398
1/1/13 0:00,00 to 17,Female,No high school diploma,"B: 5,000 to 9,999",21792
1/1/13 0:00,65 to 80+,Male,No high school diploma,"E: 25,000 to 34,999",23400
1/1/13 0:00,65 to 80+,Male,No high school diploma,"G: 50,000 to 74,999",24001
1/1/13 0:00,65 to 80+,Male,Bachelor's degree or higher,"A: 0 to 4,999",24761
1/1/13 0:00,65 to 80+,Male,High school or equivalent,"H: 75,000 and over",26720
1/1/13 0:00,65 to 80+,Male,High school or equivalent,"G: 50,000 to 74,999",26962
1/1/13 0:00,65 to 80+,Female,Bachelor's degree or higher,"A: 0 to 4,999",29147
1/1/13 0:00,65 to 80+,Female,High school or equivalent,"F: 35,000 to 49,999",29427
1/1/13 0:00,18 to 64,Male,No high school diploma,"H: 75,000 and over",30760
1/1/13 0:00,65 to 80+,Male,No high school diploma,"A: 0 to 4,999",32602
1/1/13 0:00,65 to 80+,Male,Bachelor's degree or higher,"B: 5,000 to 9,999",33040
1/1/13 0:00,65 to 80+,Female,High school or equivalent,"E: 25,000 to 34,999",36333
1/1/13 0:00,65 to 80+,Male,"College, less than 4-yr degree","C: 10,000 to 14,999",38857
1/1/13 0:00,65 to 80+,Female,"College, less than 4-yr degree","H: 75,000 and over",39607
1/1/13 0:00,65 to 80+,Male,Bachelor's degree or higher,"C: 10,000 to 14,999",40105
1/1/13 0:00,65 to 80+,Male,High school or equivalent,"B: 5,000 to 9,999",41378
1/1/13 0:00,65 to 80+,Female,High school or equivalent,"A: 0 to 4,999",43226
1/1/13 0:00,65 to 80+,Female,No high school diploma,"D: 15,000 to 24,999",46652
1/1/13 0:00,65 to 80+,Female,Bachelor's degree or higher,"B: 5,000 to 9,999",48558
1/1/13 0:00,65 to 80+,Female,"College, less than 4-yr degree","F: 35,000 to 49,999",49614
1/1/13 0:00,65 to 80+,Female,Bachelor's degree or higher,"F: 35,000 to 49,999",49722
1/1/13 0:00,65 to 80+,Male,High school or equivalent,"F: 35,000 to 49,999",52529
1/1/13 0:00,18 to 64,Female,No high school diploma,"F: 35,000 to 49,999",52571
1/1/13 0:00,65 to 80+,Male,High school or equivalent,"C: 10,000 to 14,999",53241
1/1/13 0:00,65 to 80+,Female,"College, less than 4-yr degree","E: 25,000 to 34,999",56178
1/1/13 0:00,65 to 80+,Female,"College, less than 4-yr degree","G: 50,000 to 74,999",57827
1/1/13 0:00,65 to 80+,Female,Bachelor's degree or higher,"E: 25,000 to 34,999",58537
1/1/13 0:00,65 to 80+,Male,No high school diploma,"D: 15,000 to 24,999",59541
1/1/13 0:00,18 to 64,Female,High school or equivalent,"H: 75,000 and over",61381
1/1/13 0:00,18 to 64,Male,Bachelor's degree or higher,"B: 5,000 to 9,999",67986
1/1/13 0:00,65 to 80+,Male,"College, less than 4-yr degree","H: 75,000 and over",70476
1/1/13 0:00,65 to 80+,Female,Bachelor's degree or higher,"G: 50,000 to 74,999",70534
1/1/13 0:00,65 to 80+,Female,No high school diploma,"A: 0 to 4,999",70893
1/1/13 0:00,65 to 80+,Male,"College, less than 4-yr degree","G: 50,000 to 74,999",72542
1/1/13 0:00,65 to 80+,Male,High school or equivalent,"E: 25,000 to 34,999",74106
1/1/13 0:00,65 to 80+,Male,No high school diploma,"B: 5,000 to 9,999",75138
1/1/13 0:00,65 to 80+,Female,"College, less than 4-yr degree","B: 5,000 to 9,999",85075
1/1/13 0:00,18 to 64,Male,No high school diploma,"G: 50,000 to 74,999",86281
1/1/13 0:00,65 to 80+,Male,"College, less than 4-yr degree","F: 35,000 to 49,999",86950
1/1/13 0:00,65 to 80+,Female,Bachelor's degree or higher,"C: 10,000 to 14,999",87412
1/1/13 0:00,65 to 80+,Male,Bachelor's degree or higher,"F: 35,000 to 49,999",88804
1/1/13 0:00,65 to 80+,Male,Bachelor's degree or higher,"E: 25,000 to 34,999",89569
1/1/13 0:00,65 to 80+,Male,"College, less than 4-yr degree","E: 25,000 to 34,999",90111
1/1/13 0:00,65 to 80+,Female,Bachelor's degree or higher,"H: 75,000 and over",94383
1/1/13 0:00,65 to 80+,Female,Bachelor's degree or higher,"D: 15,000 to 24,999",94601
1/1/13 0:00,18 to 64,Female,No high school diploma,"E: 25,000 to 34,999",99143
1/1/13 0:00,65 to 80+,Male,No high school diploma,"C: 10,000 to 14,999",102504
1/1/13 0:00,65 to 80+,Male,High school or equivalent,"D: 15,000 to 24,999",112400
1/1/13 0:00,65 to 80+,Female,High school or equivalent,"B: 5,000 to 9,999",112957
1/1/13 0:00,65 to 80+,Male,"College, less than 4-yr degree","D: 15,000 to 24,999",121937
1/1/13 0:00,65 to 80+,Male,Bachelor's degree or higher,"G: 50,000 to 74,999",122689
1/1/13 0:00,18 to 64,Male,Bachelor's degree or higher,"C: 10,000 to 14,999",125136
1/1/13 0:00,65 to 80+,Male,Bachelor's degree or higher,"D: 15,000 to 24,999",125756
1/1/13 0:00,65 to 80+,Female,"College, less than 4-yr degree","C: 10,000 to 14,999",131819
1/1/13 0:00,18 to 64,Female,High school or equivalent,"G: 50,000 to 74,999",134465
1/1/13 0:00,18 to 64,Male,Bachelor's degree or higher,"A: 0 to 4,999",138459
1/1/13 0:00,65 to 80+,Female,No high school diploma,"B: 5,000 to 9,999",150694
1/1/13 0:00,18 to 64,Female,Bachelor's degree or higher,"C: 10,000 to 14,999",160795
1/1/13 0:00,18 to 64,Male,No high school diploma,"F: 35,000 to 49,999",163709
1/1/13 0:00,65 to 80+,Female,No high school diploma,"C: 10,000 to 14,999",177955
1/1/13 0:00,65 to 80+,Female,"College, less than 4-yr degree","D: 15,000 to 24,999",181219
1/1/13 0:00,18 to 64,Male,High school or equivalent,"B: 5,000 to 9,999",184943
1/1/13 0:00,65 to 80+,Female,High school or equivalent,"C: 10,000 to 14,999",194765
1/1/13 0:00,18 to 64,Female,Bachelor's degree or higher,"B: 5,000 to 9,999",199405
1/1/13 0:00,18 to 64,Female,"College, less than 4-yr degree","H: 75,000 and over",200690
1/1/13 0:00,18 to 64,Male,No high school diploma,"B: 5,000 to 9,999",209881
1/1/13 0:00,65 to 80+,Female,High school or equivalent,"D: 15,000 to 24,999",221218
1/1/13 0:00,18 to 64,Female,No high school diploma,"B: 5,000 to 9,999",225537
1/1/13 0:00,18 to 64,Female,No high school diploma,"C: 10,000 to 14,999",229231
1/1/13 0:00,18 to 64,Male,High school or equivalent,"H: 75,000 and over",235147
1/1/13 0:00,18 to 64,Female,High school or equivalent,"F: 35,000 to 49,999",238689
1/1/13 0:00,18 to 64,Female,High school or equivalent,"B: 5,000 to 9,999",245728
1/1/13 0:00,18 to 64,Male,No high school diploma,"C: 10,000 to 14,999",248722
1/1/13 0:00,65 to 80+,Male,Bachelor's degree or higher,"H: 75,000 and over",250033
1/1/13 0:00,18 to 64,Male,Bachelor's degree or higher,"D: 15,000 to 24,999",252257
1/1/13 0:00,18 to 64,Male,"College, less than 4-yr degree","B: 5,000 to 9,999",258589
1/1/13 0:00,18 to 64,Male,High school or equivalent,"C: 10,000 to 14,999",258773
1/1/13 0:00,18 to 64,Female,High school or equivalent,"C: 10,000 to 14,999",265604
1/1/13 0:00,18 to 64,Male,Bachelor's degree or higher,"E: 25,000 to 34,999",282909
1/1/13 0:00,18 to 64,Female,No high school diploma,"D: 15,000 to 24,999",284092
1/1/13 0:00,18 to 64,Male,"College, less than 4-yr degree","C: 10,000 to 14,999",287720
1/1/13 0:00,18 to 64,Male,No high school diploma,"E: 25,000 to 34,999",287918
1/1/13 0:00,18 to 64,Female,High school or equivalent,"E: 25,000 to 34,999",293672
1/1/13 0:00,18 to 64,Female,Bachelor's degree or higher,"A: 0 to 4,999",325064
1/1/13 0:00,18 to 64,Male,High school or equivalent,"G: 50,000 to 74,999",334524
1/1/13 0:00,18 to 64,Female,Bachelor's degree or higher,"E: 25,000 to 34,999",340393
1/1/13 0:00,18 to 64,Male,No high school diploma,"A: 0 to 4,999",348812
1/1/13 0:00,18 to 64,Female,Bachelor's degree or higher,"D: 15,000 to 24,999",350595
1/1/13 0:00,18 to 64,Male,"College, less than 4-yr degree","A: 0 to 4,999",356010
1/1/13 0:00,18 to 64,Male,High school or equivalent,"A: 0 to 4,999",372961
1/1/13 0:00,18 to 64,Female,"College, less than 4-yr degree","B: 5,000 to 9,999",380107
1/1/13 0:00,18 to 64,Female,"College, less than 4-yr degree","C: 10,000 to 14,999",384072
1/1/13 0:00,18 to 64,Female,"College, less than 4-yr degree","G: 50,000 to 74,999",399381
1/1/13 0:00,18 to 64,Male,Bachelor's degree or higher,"F: 35,000 to 49,999",405494
1/1/13 0:00,18 to 64,Male,High school or equivalent,"D: 15,000 to 24,999",425530
1/1/13 0:00,18 to 64,Male,"College, less than 4-yr degree","E: 25,000 to 34,999",432793
1/1/13 0:00,18 to 64,Male,High school or equivalent,"E: 25,000 to 34,999",438925
1/1/13 0:00,18 to 64,Male,"College, less than 4-yr degree","G: 50,000 to 74,999",449846
1/1/13 0:00,18 to 64,Female,"College, less than 4-yr degree","E: 25,000 to 34,999",453189
1/1/13 0:00,18 to 64,Male,High school or equivalent,"F: 35,000 to 49,999",456199
1/1/13 0:00,18 to 64,Female,High school or equivalent,"D: 15,000 to 24,999",466935
1/1/13 0:00,18 to 64,Male,No high school diploma,"D: 15,000 to 24,999",473160
1/1/13 0:00,18 to 64,Male,"College, less than 4-yr degree","F: 35,000 to 49,999",473400
1/1/13 0:00,18 to 64,Male,"College, less than 4-yr degree","H: 75,000 and over",490899
1/1/13 0:00,18 to 64,Female,"College, less than 4-yr degree","F: 35,000 to 49,999",497833
1/1/13 0:00,18 to 64,Male,"College, less than 4-yr degree","D: 15,000 to 24,999",502982
1/1/13 0:00,18 to 64,Female,Bachelor's degree or higher,"F: 35,000 to 49,999",510047
1/1/13 0:00,18 to 64,Female,"College, less than 4-yr degree","A: 0 to 4,999",531822
1/1/13 0:00,18 to 64,Male,Bachelor's degree or higher,"G: 50,000 to 74,999",599541
1/1/13 0:00,18 to 64,Female,"College, less than 4-yr degree","D: 15,000 to 24,999",617513
1/1/13 0:00,18 to 64,Female,No high school diploma,"A: 0 to 4,999",637445
1/1/13 0:00,00 to 17,Female,No high school diploma,"A: 0 to 4,999",652219
1/1/13 0:00,00 to 17,Male,No high school diploma,"A: 0 to 4,999",660627
1/1/13 0:00,18 to 64,Female,High school or equivalent,"A: 0 to 4,999",664769
1/1/13 0:00,18 to 64,Female,Bachelor's degree or higher,"G: 50,000 to 74,999",675331
1/1/13 0:00,18 to 64,Female,Bachelor's degree or higher,"H: 75,000 and over",917079
1/1/13 0:00,18 to 64,Male,Bachelor's degree or higher,"H: 75,000 and over",1643095
1/1/14 0:00,00 to 17,Female,"College, less than 4-yr degree","B: 5,000 to 9,999",1356
1/1/14 0:00,00 to 17,Female,High school or equivalent,"B: 5,000 to 9,999",1583
1/1/14 0:00,00 to 17,Male,"College, less than 4-yr degree","D: 15,000 to 24,999",1664
1/1/14 0:00,00 to 17,Male,High school or equivalent,"B: 5,000 to 9,999",2048
1/1/14 0:00,18 to 64,Female,No high school diploma,"H: 75,000 and over",2058
1/1/14 0:00,65 to 80+,Male,No high school diploma,"H: 75,000 and over",2153
1/1/14 0:00,00 to 17,Female,High school or equivalent,"E: 25,000 to 34,999",2190
1/1/14 0:00,00 to 17,Female,Bachelor's degree or higher,"D: 15,000 to 24,999",2471
1/1/14 0:00,00 to 17,Female,"College, less than 4-yr degree","D: 15,000 to 24,999",2776
1/1/14 0:00,00 to 17,Female,High school or equivalent,"D: 15,000 to 24,999",3116
1/1/14 0:00,00 to 17,Female,No high school diploma,"G: 50,000 to 74,999",3265
1/1/14 0:00,00 to 17,Male,No high school diploma,"D: 15,000 to 24,999",3920
1/1/14 0:00,00 to 17,Male,High school or equivalent,"C: 10,000 to 14,999",4355
1/1/14 0:00,65 to 80+,Female,No high school diploma,"G: 50,000 to 74,999",4666
1/1/14 0:00,65 to 80+,Female,High school or equivalent,"H: 75,000 and over",7122
1/1/14 0:00,65 to 80+,Female,No high school diploma,"F: 35,000 to 49,999",7261
1/1/14 0:00,65 to 80+,Male,No high school diploma,"G: 50,000 to 74,999",8569
1/1/14 0:00,00 to 17,Male,No high school diploma,"C: 10,000 to 14,999",11857
1/1/14 0:00,00 to 17,Female,No high school diploma,"C: 10,000 to 14,999",13768
1/1/14 0:00,18 to 64,Female,No high school diploma,"G: 50,000 to 74,999",14635
1/1/14 0:00,65 to 80+,Male,No high school diploma,"F: 35,000 to 49,999",15212
1/1/14 0:00,65 to 80+,Male,"College, less than 4-yr degree","B: 5,000 to 9,999",15423
1/1/14 0:00,65 to 80+,Female,Bachelor's degree or higher,"A: 0 to 4,999",15459
1/1/14 0:00,00 to 17,Male,High school or equivalent,"A: 0 to 4,999",15741
1/1/14 0:00,00 to 17,Female,No high school diploma,"B: 5,000 to 9,999",15795
1/1/14 0:00,65 to 80+,Male,Bachelor's degree or higher,"A: 0 to 4,999",19286
1/1/14 0:00,65 to 80+,Female,No high school diploma,"E: 25,000 to 34,999",23657
1/1/14 0:00,00 to 17,Male,No high school diploma,"B: 5,000 to 9,999",26380
1/1/14 0:00,65 to 80+,Male,"College, less than 4-yr degree","A: 0 to 4,999",27344
1/1/14 0:00,65 to 80+,Male,Bachelor's degree or higher,"B: 5,000 to 9,999",28093
1/1/14 0:00,65 to 80+,Male,High school or equivalent,"A: 0 to 4,999",28914
1/1/14 0:00,65 to 80+,Male,No high school diploma,"A: 0 to 4,999",31263
1/1/14 0:00,65 to 80+,Male,No high school diploma,"E: 25,000 to 34,999",32058
1/1/14 0:00,65 to 80+,Female,"College, less than 4-yr degree","A: 0 to 4,999",32604
1/1/14 0:00,65 to 80+,Female,High school or equivalent,"G: 50,000 to 74,999",34110
1/1/14 0:00,65 to 80+,Male,High school or equivalent,"H: 75,000 and over",36180
1/1/14 0:00,65 to 80+,Male,Bachelor's degree or higher,"C: 10,000 to 14,999",36463
1/1/14 0:00,65 to 80+,Male,High school or equivalent,"G: 50,000 to 74,999",40307
1/1/14 0:00,65 to 80+,Male,No high school diploma,"B: 5,000 to 9,999",40404
1/1/14 0:00,65 to 80+,Male,"College, less than 4-yr degree","H: 75,000 and over",42633
1/1/14 0:00,18 to 64,Female,No high school diploma,"F: 35,000 to 49,999",43218
1/1/14 0:00,65 to 80+,Male,High school or equivalent,"B: 5,000 to 9,999",44824
1/1/14 0:00,65 to 80+,Male,"College, less than 4-yr degree","C: 10,000 to 14,999",45185
1/1/14 0:00,18 to 64,Female,High school or equivalent,"H: 75,000 and over",52375
1/1/14 0:00,65 to 80+,Male,"College, less than 4-yr degree","G: 50,000 to 74,999",53141
1/1/14 0:00,65 to 80+,Female,"College, less than 4-yr degree","H: 75,000 and over",54704
1/1/14 0:00,18 to 64,Male,No high school diploma,"H: 75,000 and over",54734
1/1/14 0:00,65 to 80+,Female,High school or equivalent,"F: 35,000 to 49,999",55265
1/1/14 0:00,65 to 80+,Female,High school or equivalent,"A: 0 to 4,999",57461
1/1/14 0:00,65 to 80+,Female,Bachelor's degree or higher,"E: 25,000 to 34,999",59607
1/1/14 0:00,65 to 80+,Female,No high school diploma,"D: 15,000 to 24,999",60502
1/1/14 0:00,65 to 80+,Female,High school or equivalent,"E: 25,000 to 34,999",61889
1/1/14 0:00,65 to 80+,Female,Bachelor's degree or higher,"B: 5,000 to 9,999",62471
1/1/14 0:00,65 to 80+,Female,"College, less than 4-yr degree","G: 50,000 to 74,999",63144
1/1/14 0:00,65 to 80+,Female,"College, less than 4-yr degree","F: 35,000 to 49,999",64166
1/1/14 0:00,65 to 80+,Male,High school or equivalent,"F: 35,000 to 49,999",64170
1/1/14 0:00,65 to 80+,Male,High school or equivalent,"C: 10,000 to 14,999",66527
1/1/14 0:00,65 to 80+,Female,No high school diploma,"A: 0 to 4,999",73275
1/1/14 0:00,65 to 80+,Male,Bachelor's degree or higher,"E: 25,000 to 34,999",74877
1/1/14 0:00,65 to 80+,Female,High school or equivalent,"B: 5,000 to 9,999",76573
1/1/14 0:00,65 to 80+,Male,No high school diploma,"D: 15,000 to 24,999",76893
1/1/14 0:00,65 to 80+,Male,High school or equivalent,"E: 25,000 to 34,999",80555
1/1/14 0:00,65 to 80+,Male,No high school diploma,"C: 10,000 to 14,999",81810
1/1/14 0:00,65 to 80+,Female,Bachelor's degree or higher,"D: 15,000 to 24,999",82988
1/1/14 0:00,65 to 80+,Male,"College, less than 4-yr degree","F: 35,000 to 49,999",83427
1/1/14 0:00,65 to 80+,Female,"College, less than 4-yr degree","C: 10,000 to 14,999",85356
1/1/14 0:00,18 to 64,Male,Bachelor's degree or higher,"B: 5,000 to 9,999",86481
1/1/14 0:00,65 to 80+,Female,"College, less than 4-yr degree","E: 25,000 to 34,999",95482
1/1/14 0:00,65 to 80+,Male,"College, less than 4-yr degree","E: 25,000 to 34,999",96958
1/1/14 0:00,65 to 80+,Female,Bachelor's degree or higher,"G: 50,000 to 74,999",97657
1/1/14 0:00,65 to 80+,Male,"College, less than 4-yr degree","D: 15,000 to 24,999",101765
1/1/14 0:00,65 to 80+,Male,Bachelor's degree or higher,"D: 15,000 to 24,999",103998
1/1/14 0:00,18 to 64,Male,Bachelor's degree or higher,"C: 10,000 to 14,999",104462
1/1/14 0:00,65 to 80+,Female,Bachelor's degree or higher,"C: 10,000 to 14,999",104583
1/1/14 0:00,18 to 64,Male,No high school diploma,"G: 50,000 to 74,999",104646
1/1/14 0:00,65 to 80+,Female,Bachelor's degree or higher,"H: 75,000 and over",110009
1/1/14 0:00,65 to 80+,Female,Bachelor's degree or higher,"F: 35,000 to 49,999",113584
1/1/14 0:00,65 to 80+,Male,High school or equivalent,"D: 15,000 to 24,999",116746
1/1/14 0:00,18 to 64,Female,No high school diploma,"E: 25,000 to 34,999",120389
1/1/14 0:00,65 to 80+,Male,Bachelor's degree or higher,"F: 35,000 to 49,999",120656
1/1/14 0:00,18 to 64,Female,High school or equivalent,"G: 50,000 to 74,999",128589
1/1/14 0:00,65 to 80+,Female,"College, less than 4-yr degree","B: 5,000 to 9,999",135938
1/1/14 0:00,18 to 64,Female,Bachelor's degree or higher,"B: 5,000 to 9,999",148975
1/1/14 0:00,65 to 80+,Female,High school or equivalent,"C: 10,000 to 14,999",152945
1/1/14 0:00,65 to 80+,Male,Bachelor's degree or higher,"G: 50,000 to 74,999",154551
1/1/14 0:00,18 to 64,Female,"College, less than 4-yr degree","H: 75,000 and over",155579
1/1/14 0:00,65 to 80+,Female,No high school diploma,"B: 5,000 to 9,999",158180
1/1/14 0:00,18 to 64,Male,No high school diploma,"B: 5,000 to 9,999",158572
1/1/14 0:00,65 to 80+,Female,No high school diploma,"C: 10,000 to 14,999",161001
1/1/14 0:00,65 to 80+,Female,High school or equivalent,"D: 15,000 to 24,999",161619
1/1/14 0:00,18 to 64,Male,Bachelor's degree or higher,"A: 0 to 4,999",181482
1/1/14 0:00,18 to 64,Female,No high school diploma,"C: 10,000 to 14,999",189839
1/1/14 0:00,18 to 64,Male,No high school diploma,"F: 35,000 to 49,999",194888
1/1/14 0:00,18 to 64,Male,High school or equivalent,"C: 10,000 to 14,999",200365
1/1/14 0:00,65 to 80+,Female,"College, less than 4-yr degree","D: 15,000 to 24,999",203800
1/1/14 0:00,18 to 64,Female,Bachelor's degree or higher,"C: 10,000 to 14,999",206941
1/1/14 0:00,18 to 64,Male,Bachelor's degree or higher,"E: 25,000 to 34,999",218789
1/1/14 0:00,18 to 64,Male,High school or equivalent,"H: 75,000 and over",227515
1/1/14 0:00,18 to 64,Male,No high school diploma,"C: 10,000 to 14,999",231957
1/1/14 0:00,18 to 64,Male,Bachelor's degree or higher,"D: 15,000 to 24,999",233954
1/1/14 0:00,18 to 64,Male,High school or equivalent,"B: 5,000 to 9,999",238754
1/1/14 0:00,18 to 64,Female,No high school diploma,"B: 5,000 to 9,999",239883
1/1/14 0:00,18 to 64,Female,High school or equivalent,"F: 35,000 to 49,999",245318
1/1/14 0:00,18 to 64,Male,"College, less than 4-yr degree","B: 5,000 to 9,999",255129
1/1/14 0:00,18 to 64,Female,High school or equivalent,"B: 5,000 to 9,999",266348
1/1/14 0:00,18 to 64,Female,High school or equivalent,"C: 10,000 to 14,999",272824
1/1/14 0:00,18 to 64,Female,No high school diploma,"D: 15,000 to 24,999",277974
1/1/14 0:00,18 to 64,Male,"College, less than 4-yr degree","C: 10,000 to 14,999",278291
1/1/14 0:00,18 to 64,Male,No high school diploma,"E: 25,000 to 34,999",288460
1/1/14 0:00,65 to 80+,Male,Bachelor's degree or higher,"H: 75,000 and over",294802
1/1/14 0:00,18 to 64,Female,High school or equivalent,"E: 25,000 to 34,999",318868
1/1/14 0:00,18 to 64,Male,High school or equivalent,"G: 50,000 to 74,999",322511
1/1/14 0:00,18 to 64,Female,Bachelor's degree or higher,"E: 25,000 to 34,999",340611
1/1/14 0:00,18 to 64,Male,"College, less than 4-yr degree","A: 0 to 4,999",343156
1/1/14 0:00,18 to 64,Female,"College, less than 4-yr degree","G: 50,000 to 74,999",344454
1/1/14 0:00,18 to 64,Female,Bachelor's degree or higher,"D: 15,000 to 24,999",352744
1/1/14 0:00,18 to 64,Male,Bachelor's degree or higher,"F: 35,000 to 49,999",357532
1/1/14 0:00,18 to 64,Female,Bachelor's degree or higher,"A: 0 to 4,999",359264
1/1/14 0:00,18 to 64,Male,"College, less than 4-yr degree","E: 25,000 to 34,999",371185
1/1/14 0:00,18 to 64,Male,No high school diploma,"A: 0 to 4,999",376783
1/1/14 0:00,18 to 64,Female,"College, less than 4-yr degree","C: 10,000 to 14,999",389764
1/1/14 0:00,18 to 64,Female,"College, less than 4-yr degree","B: 5,000 to 9,999",404151
1/1/14 0:00,18 to 64,Male,High school or equivalent,"A: 0 to 4,999",405204
1/1/14 0:00,18 to 64,Male,High school or equivalent,"F: 35,000 to 49,999",418051
1/1/14 0:00,18 to 64,Male,"College, less than 4-yr degree","G: 50,000 to 74,999",423087
1/1/14 0:00,18 to 64,Female,High school or equivalent,"D: 15,000 to 24,999",453432
1/1/14 0:00,18 to 64,Male,No high school diploma,"D: 15,000 to 24,999",460129
1/1/14 0:00,18 to 64,Male,High school or equivalent,"E: 25,000 to 34,999",467906
1/1/14 0:00,18 to 64,Female,"College, less than 4-yr degree","F: 35,000 to 49,999",469153
1/1/14 0:00,18 to 64,Female,"College, less than 4-yr degree","D: 15,000 to 24,999",483518
1/1/14 0:00,18 to 64,Male,"College, less than 4-yr degree","H: 75,000 and over",495187
1/1/14 0:00,18 to 64,Male,"College, less than 4-yr degree","F: 35,000 to 49,999",495675
1/1/14 0:00,18 to 64,Male,High school or equivalent,"D: 15,000 to 24,999",520580
1/1/14 0:00,18 to 64,Female,"College, less than 4-yr degree","E: 25,000 to 34,999",528017
1/1/14 0:00,18 to 64,Female,Bachelor's degree or higher,"F: 35,000 to 49,999",531019
1/1/14 0:00,18 to 64,Male,"College, less than 4-yr degree","D: 15,000 to 24,999",556174
1/1/14 0:00,18 to 64,Female,"College, less than 4-yr degree","A: 0 to 4,999",581907
1/1/14 0:00,00 to 17,Male,No high school diploma,"A: 0 to 4,999",610313
1/1/14 0:00,00 to 17,Female,No high school diploma,"A: 0 to 4,999",639596
1/1/14 0:00,18 to 64,Female,Bachelor's degree or higher,"G: 50,000 to 74,999",660048
1/1/14 0:00,18 to 64,Female,High school or equivalent,"A: 0 to 4,999",670294
1/1/14 0:00,18 to 64,Male,Bachelor's degree or higher,"G: 50,000 to 74,999",682425
1/1/14 0:00,18 to 64,Female,No high school diploma,"A: 0 to 4,999",723208
1/1/14 0:00,18 to 64,Female,Bachelor's degree or higher,"H: 75,000 and over",953282
1/1/14 0:00,18 to 64,Male,Bachelor's degree or higher,"H: 75,000 and over",1628605